Sammy Jammy;Sam Greenfield;04/08/2022;Jazz
Snake Charmer;Sam Greenfield;04/08/2022;Jazz
Check Your DMs;Sam Greenfield;04/08/2022;Jazz
Doggie Bello (feat. Augie Bello);Sam Greenfield;04/08/2022;Jazz
Kidz Bop (feat. Jon Lampley);Sam Greenfield;04/08/2022;Jazz
Just One Of Those Days;Sam Greenfield;04/08/2022;Jazz
Chips & Dip;Sam Greenfield;04/08/2022;Jazz
Shep's Fitness Assessment;We Used to Cut the Grass;04/08/2022;Jazz Fusion
Shep's Enthusiasm;We Used to Cut the Grass;04/08/2022;Jazz Fusion
Shep's Mishap;We Used to Cut the Grass;04/08/2022;Jazz Fusion
Shep's Anxiety;We Used to Cut the Grass;04/08/2022;Jazz Fusion
Shep's Nightcap;We Used to Cut the Grass;04/08/2022;Jazz Fusion
Shep's Lounge;We Used to Cut the Grass;04/08/2022;Jazz Fusion
DEVO Variations;We Used to Cut the Grass;04/08/2022;Jazz Fusion
Visitors Pomp II;We Used to Cut the Grass;04/08/2022;Jazz Fusion
Visitors Pomp I;We Used to Cut the Grass;04/08/2022;Jazz Fusion
The Fourth Colour;King Gizzard & the Lizard Wizard;04/08/2022;Psychedelic Rock
Searching…;King Gizzard & the Lizard Wizard;04/08/2022;Psychedelic Rock
Tetrachromacy;King Gizzard & the Lizard Wizard;04/08/2022;Psychedelic Rock
Horology;King Gizzard & the Lizard Wizard;04/08/2022;Psychedelic Rock
Loyalty;King Gizzard & the Lizard Wizard;04/08/2022;Psychedelic Rock
Inner Cell;King Gizzard & the Lizard Wizard;04/08/2022;Psychedelic Rock
Deserted Dunes Welcome Weary Feet;King Gizzard & the Lizard Wizard;04/08/2022;Psychedelic Rock
The Castle In The Air;King Gizzard & the Lizard Wizard;04/08/2022;Psychedelic Rock
Polygondwanaland;King Gizzard & the Lizard Wizard;04/08/2022;Psychedelic Rock
Vacant;Dream Theater;04/08/2022;Progressive Metal
Honor Thy Father;Dream Theater;04/08/2022;Progressive Metal
November;Psychedelic Porn Crumpets;04/08/2022;Psychedelic Rock
It's Not Safe to Leave This House;Psychedelic Porn Crumpets;04/08/2022;Psychedelic Rock
Dependant on Mary;Psychedelic Porn Crumpets;04/08/2022;Psychedelic Rock
Coffee;Psychedelic Porn Crumpets;04/08/2022;Psychedelic Rock
Buzz;Psychedelic Porn Crumpets;04/08/2022;Psychedelic Rock
Move;Psychedelic Porn Crumpets;04/08/2022;Psychedelic Rock
Ergophobia;Psychedelic Porn Crumpets;04/08/2022;Psychedelic Rock
First Light in the Garden at Chipping;Psychedelic Porn Crumpets;04/08/2022;Psychedelic Rock
Gurzle;Psychedelic Porn Crumpets;04/08/2022;Psychedelic Rock
Nek;Psychedelic Porn Crumpets;04/08/2022;Psychedelic Rock
Beep Box;Snarky Puppy;04/08/2022;Jazz
Grown Folks;Snarky Puppy;04/08/2022;Jazz
Gemini;Snarky Puppy;04/08/2022;Jazz
Semente;Snarky Puppy;04/08/2022;Jazz
Tarova;Snarky Puppy;04/08/2022;Jazz
Creature;The Tea Club;04/08/2022;Progressive Rock
Sinking Ship;The Tea Club;04/08/2022;Progressive Rock
Came at a Loss;The Tea Club;04/08/2022;Progressive Rock
Rivermen;The Tea Club;04/08/2022;Progressive Rock
If I Mean When;The Tea Club;04/08/2022;Progressive Rock
Say Yes;The Tea Club;04/08/2022;Progressive Rock
The Way You Call;The Tea Club;04/08/2022;Progressive Rock
Need More Input;Thank You Scientist;04/07/2022;Progressive Rock
Blue Automatic;Thank You Scientist;04/07/2022;Progressive Rock
A Wolf in Cheap Clothing;Thank You Scientist;04/07/2022;Progressive Rock
Mr. Invisible;Thank You Scientist;04/07/2022;Progressive Rock
Caverns;Thank You Scientist;04/07/2022;Progressive Rock
The Somnambulist;Thank You Scientist;04/07/2022;Progressive Rock
Prologue: A Faint Applause...;Thank You Scientist;04/07/2022;Progressive Rock
My Famed Disappearing Act;Thank You Scientist;04/07/2022;Progressive Rock
In the Company of Worms;Thank You Scientist;04/07/2022;Progressive Rock
Concrete Swan Dive;Thank You Scientist;04/07/2022;Progressive Rock
Carnival;Thank You Scientist;04/07/2022;Progressive Rock
Suspicious Waveforms;Thank You Scientist;04/07/2022;Progressive Rock
Absentee;Thank You Scientist;04/07/2022;Progressive Rock
Blood on the Radio;Thank You Scientist;04/07/2022;Progressive Rock
A Salesman's Guide to Non-Existence;Thank You Scientist;04/07/2022;Progressive Rock
Feed the Horses;Thank You Scientist;04/07/2022;Progressive Rock
Prelude;Thank You Scientist;04/07/2022;Progressive Rock
Gemini;Thank You Scientist;04/07/2022;Progressive Rock
Make Like a Tree (Get Out);Thank You Scientist;04/07/2022;Progressive Rock
Thank You Scientist - Party All the Time (OFFICIAL MUSIC VIDEO);Thank You Scientist;04/07/2022;Progressive Rock
Plague Accommodations;Thank You Scientist;04/07/2022;Progressive Rock
Soul Diver;Thank You Scientist;04/07/2022;Progressive Rock
Creature Comfort;Thank You Scientist;04/07/2022;Progressive Rock
Gigglebutton;Thank You Scientist;04/07/2022;Progressive Rock
The Things You Love;Bent Knee;04/06/2022;Art Rock
Interlude;Bent Knee;04/06/2022;Art Rock
Eve;Bent Knee;04/06/2022;Art Rock
Counselor;Bent Knee;04/06/2022;Art Rock
Leak Water;Bent Knee;04/06/2022;Art Rock
Black Tar Water;Bent Knee;04/06/2022;Art Rock
I'm Still Here;Bent Knee;04/05/2022;Art Rock
In God We Trust;Bent Knee;04/05/2022;Art Rock
Dry;Bent Knee;04/05/2022;Art Rock
Way Too Long;Bent Knee;04/05/2022;Art Rock
Shiny Eyed Babies;Bent Knee;04/05/2022;Art Rock
Skin;Bent Knee;04/05/2022;Art Rock
In God We Trust;Bent Knee;04/05/2022;Art Rock
Good Girl;Bent Knee;04/05/2022;Art Rock
Hands Up;Bent Knee;04/05/2022;Art Rock
Commercial;Bent Knee;04/05/2022;Art Rock
Nakami;Bent Knee;04/05/2022;Art Rock
The Things You Love;Bent Knee;04/05/2022;Art Rock
Interlude;Bent Knee;04/05/2022;Art Rock
Eve;Bent Knee;04/05/2022;Art Rock
Counselor;Bent Knee;04/05/2022;Art Rock
Leak Water;Bent Knee;04/05/2022;Art Rock
Black Tar Water;Bent Knee;04/05/2022;Art Rock
Through The Desert Alone;Circa Survive;04/05/2022;Progressive Rock
Get Out;Circa Survive;04/05/2022;Progressive Rock
Strange Terrain;Circa Survive;04/05/2022;Progressive Rock
In the Company of Worms;Thank You Scientist;04/01/2022;Progressive Rock
Concrete Swan Dive;Thank You Scientist;04/01/2022;Progressive Rock
Carnival;Thank You Scientist;04/01/2022;Progressive Rock
Suspicious Waveforms;Thank You Scientist;04/01/2022;Progressive Rock
Absentee;Thank You Scientist;04/01/2022;Progressive Rock
Blood on the Radio;Thank You Scientist;04/01/2022;Progressive Rock
Feed the Horses;Thank You Scientist;04/01/2022;Progressive Rock
Prelude;Thank You Scientist;04/01/2022;Progressive Rock
Gemini;Thank You Scientist;04/01/2022;Progressive Rock
Make Like a Tree (Get Out);Thank You Scientist;04/01/2022;Progressive Rock
Leave Your Light On;Thank You Scientist;04/01/2022;Progressive Rock
Abandonship;Thank You Scientist;04/01/2022;Progressive Rock
Grin;Thank You Scientist;04/01/2022;Progressive Rock
Excerpts from Octopus (Live 1976) (Steven Wilson Mix);Gentle Giant;04/01/2022;Progressive Rock
River (Steven Wilson Mix);Gentle Giant;04/01/2022;Progressive Rock
Think of Me with Kindness (Steven Wilson Mix);Gentle Giant;04/01/2022;Progressive Rock
Dog's Life (Steven Wilson Mix);Gentle Giant;04/01/2022;Progressive Rock
The Boys in the Band (Steven Wilson Mix);Gentle Giant;04/01/2022;Progressive Rock
Knots (Steven Wilson Mix);Gentle Giant;04/01/2022;Progressive Rock
A Cry for Everyone (Steven Wilson Mix);Gentle Giant;04/01/2022;Progressive Rock
Raconteur Troubadour (Steven Wilson Mix);Gentle Giant;04/01/2022;Progressive Rock
The Advent of Panurge (Steven Wilson Mix);Gentle Giant;04/01/2022;Progressive Rock
Catching Smoke;King Gizzard & the Lizard Wizard;04/01/2022;Psychedelic Rock
Interior People;King Gizzard & the Lizard Wizard;04/01/2022;Psychedelic Rock
Blue Morpho;King Gizzard & the Lizard Wizard;04/01/2022;Psychedelic Rock
Dreams;King Gizzard & the Lizard Wizard;04/01/2022;Psychedelic Rock
Shanghai;King Gizzard & the Lizard Wizard;04/01/2022;Psychedelic Rock
Yours;King Gizzard & the Lizard Wizard;04/01/2022;Psychedelic Rock
The Creator Has A Mastertape [Remastered];Porcupine Tree;04/01/2022;Psychedelic Rock
.3 [Remastered];Porcupine Tree;04/01/2022;Psychedelic Rock
Prodigal [Remastered];Porcupine Tree;04/01/2022;Psychedelic Rock
Wedding Nails [Remastered];Porcupine Tree;04/01/2022;Psychedelic Rock
The Sound Of Muzak [Remastered];Porcupine Tree;04/01/2022;Psychedelic Rock
Lips Of Ashes [Remastered];Porcupine Tree;04/01/2022;Psychedelic Rock
Trains [Remastered];Porcupine Tree;04/01/2022;Psychedelic Rock
Blackest Eyes [Remastered];Porcupine Tree;04/01/2022;Psychedelic Rock
Quiet Mind;GoGo Penguin;04/01/2022;Jazz
Weird Cat;GoGo Penguin;04/01/2022;Jazz
Branches Break;GoGo Penguin;04/01/2022;Jazz
Unspeakable World;GoGo Penguin;04/01/2022;Jazz
All Res;GoGo Penguin;04/01/2022;Jazz
Cytherean;Sungazer;04/01/2022;ElectroJazz
Thicc;Sungazer;04/01/2022;ElectroJazz
A Song With No Words;Sungazer;04/01/2022;ElectroJazz
Perihelion;Sungazer;04/01/2022;ElectroJazz
Days into Nights (feat. JAE SOTO);Sungazer;04/01/2022;ElectroJazz
Lunar;Sungazer;04/01/2022;ElectroJazz
The Dark (feat. Hannah Sumner);Sungazer;04/01/2022;ElectroJazz
All These People;Sungazer;04/01/2022;ElectroJazz
Macchina;Sungazer;04/01/2022;ElectroJazz
Threshold;Sungazer;04/01/2022;ElectroJazz
In The Clouds;Sam Greenfield;04/01/2022;Jazz
Sammy Jammy;Sam Greenfield;04/01/2022;Jazz
Snake Charmer;Sam Greenfield;04/01/2022;Jazz
Check Your DMs;Sam Greenfield;04/01/2022;Jazz
Doggie Bello (feat. Augie Bello);Sam Greenfield;04/01/2022;Jazz
Just One Of Those Days;Sam Greenfield;04/01/2022;Jazz
Chips & Dip;Sam Greenfield;04/01/2022;Jazz
The Amateur Arsonist's Handbook;Thank You Scientist;04/01/2022;Progressive Rock
Thank You Scientist - Party All the Time (OFFICIAL MUSIC VIDEO);Thank You Scientist;04/01/2022;Progressive Rock
Plague Accommodations;Thank You Scientist;04/01/2022;Progressive Rock
Soul Diver;Thank You Scientist;04/01/2022;Progressive Rock
Creature Comfort;Thank You Scientist;04/01/2022;Progressive Rock
Gigglebutton;Thank You Scientist;04/01/2022;Progressive Rock
Swarm;Thank You Scientist;03/31/2022;Progressive Rock
FXMLDR;Thank You Scientist;03/31/2022;Progressive Rock
Wrinkle;Thank You Scientist;03/31/2022;Progressive Rock
Requiem;Lucid Planet;03/31/2022;Progressive Metal
This Side of the Yawning Grave;Lucid Planet;03/31/2022;Progressive Metal
Olm 053;Lucid Planet;03/31/2022;Progressive Metal
Grey Feet;Lucid Planet;03/31/2022;Progressive Metal
Apparatus;Lucid Planet;03/31/2022;Progressive Metal
Listen;Lucid Planet;03/31/2022;Progressive Metal
See Me;King Gizzard & the Lizard Wizard;03/30/2022;Psychedelic Rock
Ataraxia;King Gizzard & the Lizard Wizard;03/30/2022;Psychedelic Rock
East West Link;King Gizzard & the Lizard Wizard;03/30/2022;Psychedelic Rock
Static Electricity;King Gizzard & the Lizard Wizard;03/30/2022;Psychedelic Rock
Supreme Ascendancy;King Gizzard & the Lizard Wizard;03/30/2022;Psychedelic Rock
Pleura;King Gizzard & the Lizard Wizard;03/30/2022;Psychedelic Rock
O.N.E.;King Gizzard & the Lizard Wizard;03/30/2022;Psychedelic Rock
If Not Now, Then When?;King Gizzard & the Lizard Wizard;03/30/2022;Psychedelic Rock
Dragonfly;Caligula's Horse;03/29/2022;Progressive Metal
Firelight;Caligula's Horse;03/29/2022;Progressive Metal
Marigold;Caligula's Horse;03/29/2022;Progressive Metal
Bloom;Caligula's Horse;03/29/2022;Progressive Metal
Flying Microtonal Banana;King Gizzard & the Lizard Wizard;03/29/2022;Psychedelic Rock
Nuclear Fusion;King Gizzard & the Lizard Wizard;03/29/2022;Psychedelic Rock
Doom City;King Gizzard & the Lizard Wizard;03/29/2022;Psychedelic Rock
Anoxia;King Gizzard & the Lizard Wizard;03/29/2022;Psychedelic Rock
Billabong Valley;King Gizzard & the Lizard Wizard;03/29/2022;Psychedelic Rock
Sleep Drifter;King Gizzard & the Lizard Wizard;03/29/2022;Psychedelic Rock
Open Water;King Gizzard & the Lizard Wizard;03/29/2022;Psychedelic Rock
Melting;King Gizzard & the Lizard Wizard;03/29/2022;Psychedelic Rock
Rattlesnake;King Gizzard & the Lizard Wizard;03/29/2022;Psychedelic Rock
Reactor;GoGo Penguin;03/29/2022;Jazz
Protest;GoGo Penguin;03/29/2022;Jazz
Surrender To Mountain;GoGo Penguin;03/29/2022;Jazz
GBFISYSIH;GoGo Penguin;03/29/2022;Jazz
Initiate;GoGo Penguin;03/29/2022;Jazz
Smarra;GoGo Penguin;03/29/2022;Jazz
Quiet Mind;GoGo Penguin;03/29/2022;Jazz
Weird Cat;GoGo Penguin;03/29/2022;Jazz
Branches Break;GoGo Penguin;03/29/2022;Jazz
Unspeakable World;GoGo Penguin;03/29/2022;Jazz
All Res;GoGo Penguin;03/29/2022;Jazz
Lippincott;Animals As Leaders;03/29/2022;Progressive Metal
Kascade;Animals As Leaders;03/29/2022;Progressive Metal
Thicc;Sungazer;03/29/2022;ElectroJazz
A Song With No Words;Sungazer;03/29/2022;ElectroJazz
Perihelion;Sungazer;03/29/2022;ElectroJazz
Days into Nights (feat. JAE SOTO);Sungazer;03/29/2022;ElectroJazz
Lunar;Sungazer;03/29/2022;ElectroJazz
The Dark (feat. Hannah Sumner);Sungazer;03/29/2022;ElectroJazz
All These People;Sungazer;03/29/2022;ElectroJazz
Macchina;Sungazer;03/29/2022;ElectroJazz
Threshold;Sungazer;03/29/2022;ElectroJazz
Dark Matter;Porcupine Tree;03/29/2022;Progressive Rock
Light Mass Prayers;Porcupine Tree;03/29/2022;Progressive Rock
Intermediate Jesus;Porcupine Tree;03/29/2022;Progressive Rock
Every Home Is Wired;Porcupine Tree;03/29/2022;Progressive Rock
Idiot Prayer;Porcupine Tree;03/29/2022;Progressive Rock
Sever;Porcupine Tree;03/29/2022;Progressive Rock
Waiting Phase Two;Porcupine Tree;03/29/2022;Progressive Rock
Waiting Phase One;Porcupine Tree;03/29/2022;Progressive Rock
Pagan;Porcupine Tree;03/29/2022;Progressive Rock
The Sleep of No Dreaming;Porcupine Tree;03/29/2022;Progressive Rock
Signify;Porcupine Tree;03/29/2022;Progressive Rock
Bornlivedie;Porcupine Tree;03/29/2022;Progressive Rock
Holst: The Planets, Op. 32 - 1. Mars, the Bringer of War;Los Angeles Philharmonic;03/29/2022;Classical Music
The Rite of Spring: Part Two: The Sacrifice: Sacrificial Dance (The Chosen One);Teodor Currentzis;03/29/2022;Classical Music
The Rite of Spring: Part Two: The Sacrifice: Ritual Action of the Ancestors;Teodor Currentzis;03/29/2022;Classical Music
The Rite of Spring: Part Two: The Sacrifice: Evocation of the Ancestors;Teodor Currentzis;03/29/2022;Classical Music
The Rite of Spring: Part Two: The Sacrifice: Glorification of the Chosen One;Teodor Currentzis;03/29/2022;Classical Music
The Rite of Spring: Part Two: The Sacrifice: Mystical Circles of the Young Girls;Teodor Currentzis;03/29/2022;Classical Music
The Rite of Spring: Part Two: The Sacrifice: Introduction;Teodor Currentzis;03/29/2022;Classical Music
The Rite of Spring: Part One: Adoration of the Earth: Dance of the Earth;Teodor Currentzis;03/29/2022;Classical Music
The Rite of Spring: Part One: Adoration of the Earth: The Sage;Teodor Currentzis;03/29/2022;Classical Music
The Rite of Spring: Part One: Adoration of the Earth: Procession of the Sage;Teodor Currentzis;03/29/2022;Classical Music
The Rite of Spring: Part One: Adoration of the Earth: Games of the Rival Tribes;Teodor Currentzis;03/29/2022;Classical Music
The Rite of Spring: Part One: Adoration of the Earth: Spring Rounds;Teodor Currentzis;03/29/2022;Classical Music
The Rite of Spring: Part One: Adoration of the Earth: Game of Abduction;Teodor Currentzis;03/29/2022;Classical Music
The Rite of Spring: Part One: Adoration of the Earth: The Augurs of Spring - Dance of the Young...;Teodor Currentzis;03/29/2022;Classical Music
The Rite of Spring: Part One: Adoration of the Earth: Introduction;Teodor Currentzis;03/29/2022;Classical Music
The Rite of Spring: III. Ritual of Abduction;American Symphony Orchestra;03/29/2022;Classical Music
The Rite of Spring: II. The Augers of Spring - Dances of the Young Girls;American Symphony Orchestra;03/29/2022;Classical Music
The Rite of Spring: I. Part I, Introduction;American Symphony Orchestra;03/29/2022;Classical Music
The Rite of Spring: Part I: Spring Rounds;Pierre Monteux;03/29/2022;Classical Music
The Rite of Spring: Part I: Game of Abduction;Pierre Monteux;03/29/2022;Classical Music
The Rite of Spring: Part I: Dances of the Young Girls;Pierre Monteux;03/29/2022;Classical Music
The Rite of Spring: Part I: Introduction;Pierre Monteux;03/29/2022;Classical Music
Marigold;Caligula's Horse;03/29/2022;Progressive Metal
Bloom;Caligula's Horse;03/29/2022;Progressive Metal
The Raven That Refused to Sing;Steven Wilson;03/28/2022;Progressive Metal
The Watchmaker;Steven Wilson;03/28/2022;Progressive Metal
The Pin Drop;Steven Wilson;03/28/2022;Progressive Metal
The Holy Drinker;Steven Wilson;03/28/2022;Progressive Metal
Drive Home;Steven Wilson;03/28/2022;Progressive Metal
Carnival;Thank You Scientist;03/28/2022;Progressive Rock
Suspicious Waveforms;Thank You Scientist;03/28/2022;Progressive Rock
Absentee;Thank You Scientist;03/28/2022;Progressive Rock
Blood on the Radio;Thank You Scientist;03/28/2022;Progressive Rock
Feed the Horses;Thank You Scientist;03/28/2022;Progressive Rock
A Salesman's Guide to Non-Existence;Thank You Scientist;03/28/2022;Progressive Rock
Prelude;Thank You Scientist;03/28/2022;Progressive Rock
Gemini;Thank You Scientist;03/28/2022;Progressive Rock
Thank You Scientist - Party All the Time (OFFICIAL MUSIC VIDEO);Thank You Scientist;03/28/2022;Progressive Rock
Soul Diver;Thank You Scientist;03/28/2022;Progressive Rock
Creature Comfort;Thank You Scientist;03/28/2022;Progressive Rock
Gigglebutton;Thank You Scientist;03/28/2022;Progressive Rock
Luminol;Steven Wilson;03/28/2022;Progressive Rock
Mr. Usher (On His Way to Town);The Dear Hunter;03/27/2022;Symphonic Rock
Melpomene;The Dear Hunter;03/27/2022;Symphonic Rock
The Revival;The Dear Hunter;03/27/2022;Symphonic Rock
The Most Cursed of Hands / Who Am I;The Dear Hunter;03/27/2022;Symphonic Rock
Cascade;The Dear Hunter;03/27/2022;Symphonic Rock
The Moon / Awake;The Dear Hunter;03/27/2022;Symphonic Rock
Regress;The Dear Hunter;03/27/2022;Symphonic Rock
Ouroboros;The Dear Hunter;03/27/2022;Symphonic Rock
Wait;The Dear Hunter;03/27/2022;Symphonic Rock
The Line;The Dear Hunter;03/27/2022;Symphonic Rock
If All Goes Well;The Dear Hunter;03/27/2022;Symphonic Rock
King of Swords (Reversed);The Dear Hunter;03/27/2022;Symphonic Rock
Rebirth;The Dear Hunter;03/27/2022;Symphonic Rock
A Beginning;The Dear Hunter;03/27/2022;Symphonic Rock
Gloria;The Dear Hunter;03/27/2022;Symphonic Rock
The Bitter Suite Vi: Abandon;The Dear Hunter;03/27/2022;Symphonic Rock
The Bitter Suite IV and V: The Congregation and the Sermon in the Silt;The Dear Hunter;03/27/2022;Symphonic Rock
The Squeaky Wheel;The Dear Hunter;03/27/2022;Symphonic Rock
Is There Anybody Here?;The Dear Hunter;03/27/2022;Symphonic Rock
A Night on the Town;The Dear Hunter;03/27/2022;Symphonic Rock
Remembered;The Dear Hunter;03/27/2022;Symphonic Rock
At the End of the Earth;The Dear Hunter;03/27/2022;Symphonic Rock
Waves;The Dear Hunter;03/27/2022;Symphonic Rock
The Old Haunt;The Dear Hunter;03/27/2022;Symphonic Rock
Rebirth;The Dear Hunter;03/27/2022;Symphonic Rock
I'm Sleepin' In;King Gizzard & the Lizard Wizard;03/26/2022;Psychedelic Rock
All Is Known;King Gizzard & the Lizard Wizard;03/26/2022;Psychedelic Rock
The Last Oasis;King Gizzard & the Lizard Wizard;03/26/2022;Psychedelic Rock
The Great Chain of Being;King Gizzard & the Lizard Wizard;03/26/2022;Psychedelic Rock
Down the Sink;King Gizzard & the Lizard Wizard;03/26/2022;Psychedelic Rock
Superposition;King Gizzard & the Lizard Wizard;03/26/2022;Psychedelic Rock
Muddy Water;King Gizzard & the Lizard Wizard;03/26/2022;Psychedelic Rock
Barefoot Desert;King Gizzard & the Lizard Wizard;03/26/2022;Psychedelic Rock
Greenhouse Heat Death;King Gizzard & the Lizard Wizard;03/26/2022;Psychedelic Rock
Beginner's Luck;King Gizzard & the Lizard Wizard;03/26/2022;Psychedelic Rock
Drag Ropes;Storm Corrosion;03/26/2022;Progressive Metal
Things It Would Have Been Helpful to Know Before the Revolution;Father John Misty;03/26/2022;Symphonic Rock
And Here We Test Our Powers Of Observation;The Bad Plus;03/26/2022;Jazz
Creature Comfort;Thank You Scientist;03/26/2022;Progressive Rock
Gigglebutton;Thank You Scientist;03/26/2022;Progressive Rock
Approximately 906 Miles;Harrison Fjord;03/26/2022;Progressive Rock
The Talking Drum;King Crimson;03/25/2022;Progressive Rock
Easy Money;King Crimson;03/25/2022;Progressive Rock
Exiles;King Crimson;03/25/2022;Progressive Rock
Book Of Saturday;King Crimson;03/25/2022;Progressive Rock
Larks' Tongues In Aspic (Part I);King Crimson;03/25/2022;Progressive Rock
Islands;King Crimson;03/25/2022;Progressive Rock
Prelude - Song Of The Gulls;King Crimson;03/25/2022;Progressive Rock
Ladies of the Road;King Crimson;03/25/2022;Progressive Rock
Remember;Roine Stolt;03/25/2022;Progressive Blues
The Unwanted;Roine Stolt;03/25/2022;Progressive Blues
Outcast;Roine Stolt;03/25/2022;Progressive Blues
Sex Kills;Roine Stolt;03/25/2022;Progressive Blues
Dog With a Million Bones;Roine Stolt;03/25/2022;Progressive Blues
Spirit of the Reble;Roine Stolt;03/25/2022;Progressive Blues
Everyone Wants to Rule the World;Roine Stolt;03/25/2022;Progressive Blues
Dirt;Roine Stolt;03/25/2022;Progressive Blues
Head Above Water;Roine Stolt;03/25/2022;Progressive Blues
The Observer;Roine Stolt;03/25/2022;Progressive Blues
The Raven That Refused to Sing;Steven Wilson;03/25/2022;Progressive Rock
The Watchmaker;Steven Wilson;03/25/2022;Progressive Rock
The Pin Drop;Steven Wilson;03/25/2022;Progressive Rock
The Holy Drinker;Steven Wilson;03/25/2022;Progressive Rock
Drive Home;Steven Wilson;03/25/2022;Progressive Rock
Luminol;Steven Wilson;03/25/2022;Progressive Rock
2.02 Killer Year;King Gizzard & the Lizard Wizard;03/25/2022;Psychedelic Rock
Interior People;King Gizzard & the Lizard Wizard;03/25/2022;Psychedelic Rock
Catching Smoke;King Gizzard & the Lizard Wizard;03/25/2022;Psychedelic Rock
Blue Morpho;King Gizzard & the Lizard Wizard;03/25/2022;Psychedelic Rock
Dreams;King Gizzard & the Lizard Wizard;03/25/2022;Psychedelic Rock
Shanghai;King Gizzard & the Lizard Wizard;03/25/2022;Psychedelic Rock
Yours;King Gizzard & the Lizard Wizard;03/25/2022;Psychedelic Rock
"The Law Of Maximum Distress (including ""The Mincer"")";King Crimson;03/25/2022;Progressive Rock
Fracture;King Crimson;03/25/2022;Progressive Rock
Knights of Cydonia;Muse;03/25/2022;Space Rock
Hoodoo;Muse;03/25/2022;Space Rock
City of Delusion;Muse;03/25/2022;Space Rock
Exo-Politics;Muse;03/25/2022;Space Rock
Assassin;Muse;03/25/2022;Space Rock
Invincible;Muse;03/25/2022;Space Rock
Soldier's Poem;Muse;03/25/2022;Space Rock
Map of the Problematique;Muse;03/25/2022;Space Rock
Supermassive Black Hole;Muse;03/25/2022;Space Rock
Starlight;Muse;03/25/2022;Space Rock
Take a Bow;Muse;03/25/2022;Space Rock
"The Law Of Maximum Distress (including ""The Mincer"")";King Crimson;03/23/2022;Progressive Rock
Fracture;King Crimson;03/23/2022;Progressive Rock
Drive Home;Steven Wilson;03/23/2022;Progressive Rock
The Bitter Suite Vi: Abandon;The Dear Hunter;03/22/2022;Symphonic Rock
The Bitter Suite IV and V: The Congregation and the Sermon in the Silt;The Dear Hunter;03/22/2022;Symphonic Rock
The Squeaky Wheel;The Dear Hunter;03/22/2022;Symphonic Rock
Is There Anybody Here?;The Dear Hunter;03/22/2022;Symphonic Rock
A Night on the Town;The Dear Hunter;03/22/2022;Symphonic Rock
Remembered;The Dear Hunter;03/22/2022;Symphonic Rock
At the End of the Earth;The Dear Hunter;03/22/2022;Symphonic Rock
Waves;The Dear Hunter;03/22/2022;Symphonic Rock
The Old Haunt;The Dear Hunter;03/22/2022;Symphonic Rock
Rebirth;The Dear Hunter;03/22/2022;Symphonic Rock
La Mer, L. 111a: I. De l'aube à midi sur la mer;Emmanuel Krivine;03/22/2022;Classical Music
Cognitive Contortions;Animals As Leaders;03/22/2022;Progressive Metal
Ectogenesis;Animals As Leaders;03/22/2022;Progressive Metal
Arithmophobia;Animals As Leaders;03/22/2022;Progressive Metal
Debussy: Suite bergamasque, L. 75 - III. Clair de lune;Lang Lang;03/22/2022;Classical Music
Woodpecker;We Used to Cut the Grass;03/21/2022;Jazz Fusion
Lay Down Scully;We Used to Cut the Grass;03/21/2022;Jazz Fusion
Shep's Fitness Assessment;We Used to Cut the Grass;03/21/2022;Jazz Fusion
Shep's Enthusiasm;We Used to Cut the Grass;03/21/2022;Jazz Fusion
Shep's Mishap;We Used to Cut the Grass;03/21/2022;Jazz Fusion
Shep's Lounge;We Used to Cut the Grass;03/21/2022;Jazz Fusion
Shep's Nightcap;We Used to Cut the Grass;03/21/2022;Jazz Fusion
DEVO Variations;We Used to Cut the Grass;03/21/2022;Jazz Fusion
Visitors Pomp II;We Used to Cut the Grass;03/21/2022;Jazz Fusion
Visitors Pomp I;We Used to Cut the Grass;03/21/2022;Jazz Fusion
Thank You Scientist - Party All the Time (OFFICIAL MUSIC VIDEO);Thank You Scientist;03/21/2022;Progressive Rock
Plague Accommodations;Thank You Scientist;03/21/2022;Progressive Rock
Soul Diver;Thank You Scientist;03/21/2022;Progressive Rock
Creature Comfort;Thank You Scientist;03/21/2022;Progressive Rock
Gigglebutton;Thank You Scientist;03/21/2022;Progressive Rock
Coffee;Psychedelic Porn Crumpets;03/21/2022;Psychedelic Rock
Buzz;Psychedelic Porn Crumpets;03/21/2022;Psychedelic Rock
Move;Psychedelic Porn Crumpets;03/21/2022;Psychedelic Rock
Ergophobia;Psychedelic Porn Crumpets;03/21/2022;Psychedelic Rock
First Light in the Garden at Chipping;Psychedelic Porn Crumpets;03/21/2022;Psychedelic Rock
Gurzle;Psychedelic Porn Crumpets;03/21/2022;Psychedelic Rock
This Thing;King Gizzard & the Lizard Wizard;03/21/2022;Psychedelic Rock
Real's Not Real;King Gizzard & the Lizard Wizard;03/21/2022;Psychedelic Rock
The Cruel Millennial;King Gizzard & the Lizard Wizard;03/21/2022;Psychedelic Rock
Plastic Boogie;King Gizzard & the Lizard Wizard;03/21/2022;Psychedelic Rock
Dreams;King Gizzard & the Lizard Wizard;03/21/2022;Psychedelic Rock
Yours;King Gizzard & the Lizard Wizard;03/21/2022;Psychedelic Rock
Inner Cell;King Gizzard & the Lizard Wizard;03/21/2022;Psychedelic Rock
Deserted Dunes Welcome Weary Feet;King Gizzard & the Lizard Wizard;03/21/2022;Psychedelic Rock
The Castle In The Air;King Gizzard & the Lizard Wizard;03/21/2022;Psychedelic Rock
Polygondwanaland;King Gizzard & the Lizard Wizard;03/21/2022;Psychedelic Rock
Crumbling Castle;King Gizzard & the Lizard Wizard;03/21/2022;Psychedelic Rock
Down the Sink;King Gizzard & the Lizard Wizard;03/21/2022;Psychedelic Rock
Muddy Water;King Gizzard & the Lizard Wizard;03/21/2022;Psychedelic Rock
Barefoot Desert;King Gizzard & the Lizard Wizard;03/21/2022;Psychedelic Rock
Greenhouse Heat Death;King Gizzard & the Lizard Wizard;03/21/2022;Psychedelic Rock
Beginner's Luck;King Gizzard & the Lizard Wizard;03/21/2022;Psychedelic Rock
Static Electricity;King Gizzard & the Lizard Wizard;03/21/2022;Psychedelic Rock
Supreme Ascendancy;King Gizzard & the Lizard Wizard;03/21/2022;Psychedelic Rock
Pleura;King Gizzard & the Lizard Wizard;03/21/2022;Psychedelic Rock
O.N.E.;King Gizzard & the Lizard Wizard;03/21/2022;Psychedelic Rock
If Not Now, Then When?;King Gizzard & the Lizard Wizard;03/21/2022;Psychedelic Rock
Pleura;King Gizzard & the Lizard Wizard;03/21/2022;Psychedelic Rock
Supreme Ascendancy;King Gizzard & the Lizard Wizard;03/21/2022;Psychedelic Rock
Self-Immolate;King Gizzard & the Lizard Wizard;03/21/2022;Psychedelic Rock
Organ Farmer;King Gizzard & the Lizard Wizard;03/21/2022;Psychedelic Rock
Static Electricity;King Gizzard & the Lizard Wizard;03/21/2022;Psychedelic Rock
East West Link;King Gizzard & the Lizard Wizard;03/21/2022;Psychedelic Rock
See Me;King Gizzard & the Lizard Wizard;03/21/2022;Psychedelic Rock
Ataraxia;King Gizzard & the Lizard Wizard;03/21/2022;Psychedelic Rock
The Hungry Wolf Of Fate;King Gizzard & the Lizard Wizard;03/21/2022;Psychedelic Rock
Honey;King Gizzard & the Lizard Wizard;03/21/2022;Psychedelic Rock
Oddlife;King Gizzard & the Lizard Wizard;03/21/2022;Psychedelic Rock
Intrasport;King Gizzard & the Lizard Wizard;03/21/2022;Psychedelic Rock
Some Of Us;King Gizzard & the Lizard Wizard;03/21/2022;Psychedelic Rock
Straws In The Wind;King Gizzard & the Lizard Wizard;03/21/2022;Psychedelic Rock
Minimum Brain Size;King Gizzard & the Lizard Wizard;03/21/2022;Psychedelic Rock
Automation;King Gizzard & the Lizard Wizard;03/21/2022;Psychedelic Rock
K.G.L.W.;King Gizzard & the Lizard Wizard;03/21/2022;Psychedelic Rock
Suspicious Waveforms;Thank You Scientist;03/21/2022;Progressive Rock
Rube Goldberg Variations;Thank You Scientist;03/21/2022;Progressive Rock
Gigglebutton;Thank You Scientist;03/21/2022;Progressive Rock
Swarm;Thank You Scientist;03/21/2022;Progressive Rock
Chromology;Thank You Scientist;03/21/2022;Progressive Rock
Wrinkle;Thank You Scientist;03/21/2022;Progressive Rock
Wasteland;Riverside;03/21/2022;Progressive Metal
River Down Below;Riverside;03/21/2022;Progressive Metal
The Struggle for Survival;Riverside;03/21/2022;Progressive Metal
Lament;Riverside;03/20/2022;Progressive Metal
Guardian Angel;Riverside;03/20/2022;Progressive Metal
Vale of Tears;Riverside;03/20/2022;Progressive Metal
Acid Rain;Riverside;03/20/2022;Progressive Metal
The Day After;Riverside;03/20/2022;Progressive Metal
Dependant on Mary;Psychedelic Porn Crumpets;03/19/2022;Psychedelic Rock
Coffee;Psychedelic Porn Crumpets;03/19/2022;Psychedelic Rock
Buzz;Psychedelic Porn Crumpets;03/19/2022;Psychedelic Rock
Move;Psychedelic Porn Crumpets;03/19/2022;Psychedelic Rock
Ergophobia;Psychedelic Porn Crumpets;03/19/2022;Psychedelic Rock
First Light in the Garden at Chipping;Psychedelic Porn Crumpets;03/19/2022;Psychedelic Rock
Gurzle;Psychedelic Porn Crumpets;03/19/2022;Psychedelic Rock
Nek;Psychedelic Porn Crumpets;03/19/2022;Psychedelic Rock
That Brahmatron Song;Closure In Moscow;03/19/2022;Progressive Rock
Seeds of Gold;Closure In Moscow;03/19/2022;Progressive Rock
Neoprene Byzantine;Closure In Moscow;03/19/2022;Progressive Rock
Pink Lemonade;Closure In Moscow;03/19/2022;Progressive Rock
The Fool;Closure In Moscow;03/19/2022;Progressive Rock
The Pimp and the Priest;The Dear Hunter;03/18/2022;Symphonic Rock
1878;The Dear Hunter;03/18/2022;Symphonic Rock
The Inquiry of Ms. Terri;The Dear Hunter;03/18/2022;Symphonic Rock
City Escape;The Dear Hunter;03/18/2022;Symphonic Rock
The Lake South;The Dear Hunter;03/18/2022;Symphonic Rock
Battesimo Del Fuoco;The Dear Hunter;03/18/2022;Symphonic Rock
Rosetta Stoned;TOOL;03/17/2022;Progressive Metal
Intension;TOOL;03/17/2022;Progressive Metal
Aspirations;Gentle Giant;03/17/2022;Progressive Rock
So Sincere;Gentle Giant;03/17/2022;Progressive Rock
Proclamation;Gentle Giant;03/17/2022;Progressive Rock
No God's a Man;Gentle Giant;03/16/2022;Progressive Rock
Cogs in Cogs;Gentle Giant;03/16/2022;Progressive Rock
Playing the Game;Gentle Giant;03/16/2022;Progressive Rock
Aspirations;Gentle Giant;03/16/2022;Progressive Rock
So Sincere;Gentle Giant;03/16/2022;Progressive Rock
Proclamation;Gentle Giant;03/16/2022;Progressive Rock
Everyday Ghosts;Thank You Scientist;03/15/2022;Progressive Rock
Birdwatching;Thank You Scientist;03/15/2022;Progressive Rock
Son of a Serpent;Thank You Scientist;03/15/2022;Progressive Rock
Swarm;Thank You Scientist;03/15/2022;Progressive Rock
Memories of Old Days (2012 Remaster);Gentle Giant;03/15/2022;Progressive Rock
Aspirations (Instrumental Outtake);Gentle Giant;03/15/2022;Progressive Rock
The Power and the Glory;Gentle Giant;03/15/2022;Progressive Rock
Valedictory;Gentle Giant;03/15/2022;Progressive Rock
The Face;Gentle Giant;03/15/2022;Progressive Rock
No God's a Man;Gentle Giant;03/15/2022;Progressive Rock
Cogs in Cogs;Gentle Giant;03/15/2022;Progressive Rock
Playing the Game;Gentle Giant;03/15/2022;Progressive Rock
Aspirations;Gentle Giant;03/15/2022;Progressive Rock
So Sincere;Gentle Giant;03/15/2022;Progressive Rock
Proclamation;Gentle Giant;03/15/2022;Progressive Rock
River (Steven Wilson Mix);Gentle Giant;03/15/2022;Progressive Rock
Think of Me with Kindness (Steven Wilson Mix);Gentle Giant;03/15/2022;Progressive Rock
Dog's Life (Steven Wilson Mix);Gentle Giant;03/15/2022;Progressive Rock
The Boys in the Band (Steven Wilson Mix);Gentle Giant;03/15/2022;Progressive Rock
Knots (Steven Wilson Mix);Gentle Giant;03/15/2022;Progressive Rock
A Cry for Everyone (Steven Wilson Mix);Gentle Giant;03/15/2022;Progressive Rock
Raconteur Troubadour (Steven Wilson Mix);Gentle Giant;03/15/2022;Progressive Rock
The Advent of Panurge (Steven Wilson Mix);Gentle Giant;03/15/2022;Progressive Rock
The Amateur Arsonist's Handbook;Thank You Scientist;03/14/2022;Progressive Rock
Psychopomp;Thank You Scientist;03/14/2022;Progressive Rock
It's Not Safe to Leave This House;Psychedelic Porn Crumpets;03/14/2022;Psychedelic Rock
Rube Goldberg Variations;Thank You Scientist;03/14/2022;Progressive Rock
November;Psychedelic Porn Crumpets;03/14/2022;Psychedelic Rock
Dependant on Mary;Psychedelic Porn Crumpets;03/14/2022;Psychedelic Rock
Coffee;Psychedelic Porn Crumpets;03/14/2022;Psychedelic Rock
Buzz;Psychedelic Porn Crumpets;03/14/2022;Psychedelic Rock
Move;Psychedelic Porn Crumpets;03/14/2022;Psychedelic Rock
Ergophobia;Psychedelic Porn Crumpets;03/14/2022;Psychedelic Rock
First Light in the Garden at Chipping;Psychedelic Porn Crumpets;03/14/2022;Psychedelic Rock
Gurzle;Psychedelic Porn Crumpets;03/14/2022;Psychedelic Rock
Nek;Psychedelic Porn Crumpets;03/14/2022;Psychedelic Rock
Planet B;King Gizzard & the Lizard Wizard;03/13/2022;Psychedelic Rock
Fishing For Fishies;King Gizzard & the Lizard Wizard;03/13/2022;Psychedelic Rock
Rattlesnake;King Gizzard & the Lizard Wizard;03/13/2022;Psychedelic Rock
The Humbling River;Puscifer;03/13/2022;Art Rock
November;Psychedelic Porn Crumpets;03/13/2022;Psychedelic Rock
It's Not Safe to Leave This House;Psychedelic Porn Crumpets;03/13/2022;Psychedelic Rock
Dependant on Mary;Psychedelic Porn Crumpets;03/13/2022;Psychedelic Rock
Coffee;Psychedelic Porn Crumpets;03/13/2022;Psychedelic Rock
Buzz;Psychedelic Porn Crumpets;03/13/2022;Psychedelic Rock
Ergophobia;Psychedelic Porn Crumpets;03/13/2022;Psychedelic Rock
The Line;The Dear Hunter;03/12/2022;Symphonic Rock
If All Goes Well;The Dear Hunter;03/12/2022;Symphonic Rock
King of Swords (Reversed);The Dear Hunter;03/12/2022;Symphonic Rock
The Bitter Suite Vi: Abandon;The Dear Hunter;03/12/2022;Symphonic Rock
The Bitter Suite IV and V: The Congregation and the Sermon in the Silt;The Dear Hunter;03/12/2022;Symphonic Rock
Is There Anybody Here?;The Dear Hunter;03/12/2022;Symphonic Rock
A Night on the Town;The Dear Hunter;03/12/2022;Symphonic Rock
Remembered;The Dear Hunter;03/12/2022;Symphonic Rock
At the End of the Earth;The Dear Hunter;03/12/2022;Symphonic Rock
Waves;The Dear Hunter;03/12/2022;Symphonic Rock
The Old Haunt;The Dear Hunter;03/12/2022;Symphonic Rock
Rebirth;The Dear Hunter;03/12/2022;Symphonic Rock
Life and Death;The Dear Hunter;03/12/2022;Symphonic Rock
Father;The Dear Hunter;03/12/2022;Symphonic Rock
Son;The Dear Hunter;03/12/2022;Symphonic Rock
Go Get Your Gun;The Dear Hunter;03/12/2022;Symphonic Rock
This Beautiful Life;The Dear Hunter;03/12/2022;Symphonic Rock
He Said He Had a Story;The Dear Hunter;03/12/2022;Symphonic Rock
Saved;The Dear Hunter;03/12/2022;Symphonic Rock
Mustard Gas;The Dear Hunter;03/12/2022;Symphonic Rock
The Thief;The Dear Hunter;03/12/2022;Symphonic Rock
The Poison Woman;The Dear Hunter;03/12/2022;Symphonic Rock
The Tank;The Dear Hunter;03/12/2022;Symphonic Rock
What It Means to Be Alone;The Dear Hunter;03/12/2022;Symphonic Rock
In Cauda Venenum;The Dear Hunter;03/12/2022;Symphonic Rock
Writing on a Wall;The Dear Hunter;03/12/2022;Symphonic Rock
Mr. Usher (On His Way to Town);The Dear Hunter;03/11/2022;Symphonic Rock
The Revival;The Dear Hunter;03/11/2022;Symphonic Rock
The Most Cursed of Hands / Who Am I;The Dear Hunter;03/11/2022;Symphonic Rock
Cascade;The Dear Hunter;03/11/2022;Symphonic Rock
The Moon / Awake;The Dear Hunter;03/11/2022;Symphonic Rock
Regress;The Dear Hunter;03/11/2022;Symphonic Rock
Ouroboros;The Dear Hunter;03/11/2022;Symphonic Rock
Wait;The Dear Hunter;03/11/2022;Symphonic Rock
The Squeaky Wheel;The Dear Hunter;03/11/2022;Symphonic Rock
Writing On A Wall;The Dear Hunter;03/11/2022;Symphonic Rock
City Escape;The Dear Hunter;03/11/2022;Symphonic Rock
Happy Days;Closure In Moscow;03/11/2022;Progressive Rock
Beckon Fire;Closure In Moscow;03/11/2022;Progressive Rock
Mauerbauertraurigkeit;Closure In Moscow;03/11/2022;Progressive Rock
Dinosaur Boss Battle;Closure In Moscow;03/11/2022;Progressive Rock
That Brahmatron Song;Closure In Moscow;03/11/2022;Progressive Rock
Seeds of Gold;Closure In Moscow;03/11/2022;Progressive Rock
Neoprene Byzantine;Closure In Moscow;03/11/2022;Progressive Rock
Pink Lemonade;Closure In Moscow;03/11/2022;Progressive Rock
The Fool;Closure In Moscow;03/11/2022;Progressive Rock
Firelight;Caligula's Horse;03/11/2022;Progressive Metal
Marigold;Caligula's Horse;03/11/2022;Progressive Metal
Bloom;Caligula's Horse;03/11/2022;Progressive Metal
Dragonfly;Caligula's Horse;03/11/2022;Progressive Metal
Firelight;Caligula's Horse;03/11/2022;Progressive Metal
Marigold;Caligula's Horse;03/11/2022;Progressive Metal
Bloom;Caligula's Horse;03/11/2022;Progressive Metal
The Thief;The Dear Hunter;03/11/2022;Symphonic Rock
The Poison Woman;The Dear Hunter;03/11/2022;Symphonic Rock
The Tank;The Dear Hunter;03/11/2022;Symphonic Rock
What It Means to Be Alone;The Dear Hunter;03/11/2022;Symphonic Rock
In Cauda Venenum;The Dear Hunter;03/11/2022;Symphonic Rock
Writing on a Wall;The Dear Hunter;03/11/2022;Symphonic Rock
Vital Vessals Vindicate;The Dear Hunter;03/11/2022;Symphonic Rock
Black Sandy Beaches;The Dear Hunter;03/11/2022;Symphonic Rock
Dear Ms. Leading;The Dear Hunter;03/11/2022;Symphonic Rock
Where the Road Parts;The Dear Hunter;03/11/2022;Symphonic Rock
Blood of the Rose;The Dear Hunter;03/11/2022;Symphonic Rock
Evicted;The Dear Hunter;03/11/2022;Symphonic Rock
Smiling Swine;The Dear Hunter;03/11/2022;Symphonic Rock
The Bitter Suite III: Embrace;The Dear Hunter;03/11/2022;Symphonic Rock
The Bitter Suite I and II: Meeting Ms. Leading and Through the Dime;The Dear Hunter;03/11/2022;Symphonic Rock
The Church and the Dime;The Dear Hunter;03/11/2022;Symphonic Rock
The Oracles on the Delphi Express;The Dear Hunter;03/11/2022;Symphonic Rock
The Lake and the River;The Dear Hunter;03/11/2022;Symphonic Rock
The Procession;The Dear Hunter;03/11/2022;Symphonic Rock
The Death and the Berth;The Dear Hunter;03/11/2022;Symphonic Rock
The River North;The Dear Hunter;03/11/2022;Symphonic Rock
His Hands Matched His Tongue;The Dear Hunter;03/11/2022;Symphonic Rock
The Pimp and the Priest;The Dear Hunter;03/11/2022;Symphonic Rock
The Inquiry of Ms. Terri;The Dear Hunter;03/11/2022;Symphonic Rock
City Escape;The Dear Hunter;03/11/2022;Symphonic Rock
1878;The Dear Hunter;03/11/2022;Symphonic Rock
The Lake South;The Dear Hunter;03/11/2022;Symphonic Rock
The Squeaky Wheel;The Dear Hunter;03/11/2022;Symphonic Rock
The Bitter Suite IV and V: The Congregation and the Sermon in the Silt;The Dear Hunter;03/11/2022;Symphonic Rock
Is There Anybody Here?;The Dear Hunter;03/11/2022;Symphonic Rock
A Night on the Town;The Dear Hunter;03/11/2022;Symphonic Rock
Remembered;The Dear Hunter;03/11/2022;Symphonic Rock
At the End of the Earth;The Dear Hunter;03/11/2022;Symphonic Rock
Waves;The Dear Hunter;03/11/2022;Symphonic Rock
The Old Haunt;The Dear Hunter;03/11/2022;Symphonic Rock
Rebirth;The Dear Hunter;03/11/2022;Symphonic Rock
Opiate²;TOOL;03/10/2022;Progressive Metal
Panic Attack;Dream Theater;03/10/2022;Progressive Metal
Hourglass;A Perfect Circle;03/10/2022;Progressive Rock
DLB;A Perfect Circle;03/10/2022;Progressive Rock
Delicious;A Perfect Circle;03/10/2022;Progressive Rock
By And Down The River;A Perfect Circle;03/10/2022;Progressive Rock
TalkTalk;A Perfect Circle;03/10/2022;Progressive Rock
So Long, And Thanks For All The Fish;A Perfect Circle;03/10/2022;Progressive Rock
The Doomed;A Perfect Circle;03/10/2022;Progressive Rock
The Contrarian;A Perfect Circle;03/10/2022;Progressive Rock
Disillusioned;A Perfect Circle;03/10/2022;Progressive Rock
Eat The Elephant;A Perfect Circle;03/10/2022;Progressive Rock
Shiny Eyed Babies;Bent Knee;03/10/2022;Art Rock
Wind Below;Rage Against the Machine;03/10/2022;Rap Metal
Year of tha Boomerang;Rage Against the Machine;03/10/2022;Rap Metal
Roll Right;Rage Against the Machine;03/10/2022;Rap Metal
Without a Face;Rage Against the Machine;03/10/2022;Rap Metal
Down Rodeo;Rage Against the Machine;03/10/2022;Rap Metal
Snakecharmer;Rage Against the Machine;03/10/2022;Rap Metal
Revolver;Rage Against the Machine;03/10/2022;Rap Metal
Vietnow;Rage Against the Machine;03/10/2022;Rap Metal
Bulls On Parade;Rage Against the Machine;03/10/2022;Rap Metal
People of the Sun;Rage Against the Machine;03/10/2022;Rap Metal
Vacant;Dream Theater;03/10/2022;Progressive Metal
Honor Thy Father;Dream Theater;03/10/2022;Progressive Metal
Beckon Fire;Closure In Moscow;03/10/2022;Progressive Rock
The Church of The Technochrist;Closure In Moscow;03/10/2022;Progressive Rock
Mauerbauertraurigkeit;Closure In Moscow;03/10/2022;Progressive Rock
Dinosaur Boss Battle;Closure In Moscow;03/10/2022;Progressive Rock
That Brahmatron Song;Closure In Moscow;03/10/2022;Progressive Rock
Seeds of Gold;Closure In Moscow;03/10/2022;Progressive Rock
Neoprene Byzantine;Closure In Moscow;03/10/2022;Progressive Rock
Pink Lemonade;Closure In Moscow;03/10/2022;Progressive Rock
The Fool;Closure In Moscow;03/10/2022;Progressive Rock
Seeds of Gold;Closure In Moscow;03/09/2022;Progressive Rock
Neoprene Byzantine;Closure In Moscow;03/09/2022;Progressive Rock
Pink Lemonade;Closure In Moscow;03/09/2022;Progressive Rock
The Fool;Closure In Moscow;03/09/2022;Progressive Rock
Democratic Chorale;Bent Knee;03/09/2022;Art Rock
Sunshine;Bent Knee;03/09/2022;Art Rock
Untitled;Bent Knee;03/09/2022;Art Rock
Battle Creek;Bent Knee;03/09/2022;Art Rock
I'm Still Here;Bent Knee;03/09/2022;Art Rock
In God We Trust;Bent Knee;03/09/2022;Art Rock
Shiny Eyed Babies;Bent Knee;03/09/2022;Art Rock
Way Too Long;Bent Knee;03/08/2022;Art Rock
The Squeaky Wheel;The Dear Hunter;03/08/2022;Symphonic Rock
Is There Anybody Here?;The Dear Hunter;03/08/2022;Symphonic Rock
A Night on the Town;The Dear Hunter;03/08/2022;Symphonic Rock
At the End of the Earth;The Dear Hunter;03/08/2022;Symphonic Rock
The Old Haunt;The Dear Hunter;03/08/2022;Symphonic Rock
Rebirth;The Dear Hunter;03/08/2022;Symphonic Rock
Cyboogie;King Gizzard & the Lizard Wizard;03/08/2022;Psychedelic Rock
Acarine;King Gizzard & the Lizard Wizard;03/08/2022;Psychedelic Rock
This Thing;King Gizzard & the Lizard Wizard;03/08/2022;Psychedelic Rock
Real's Not Real;King Gizzard & the Lizard Wizard;03/08/2022;Psychedelic Rock
The Cruel Millennial;King Gizzard & the Lizard Wizard;03/08/2022;Psychedelic Rock
Plastic Boogie;King Gizzard & the Lizard Wizard;03/08/2022;Psychedelic Rock
Rattlesnake;King Gizzard & the Lizard Wizard;03/08/2022;Psychedelic Rock
Regress;The Dear Hunter;03/07/2022;Symphonic Rock
Ouroboros;The Dear Hunter;03/07/2022;Symphonic Rock
Wait;The Dear Hunter;03/07/2022;Symphonic Rock
The Line;The Dear Hunter;03/07/2022;Symphonic Rock
If All Goes Well;The Dear Hunter;03/07/2022;Symphonic Rock
King of Swords (Reversed);The Dear Hunter;03/07/2022;Symphonic Rock
The Bitter Suite Vi: Abandon;The Dear Hunter;03/07/2022;Symphonic Rock
The Bitter Suite IV and V: The Congregation and the Sermon in the Silt;The Dear Hunter;03/07/2022;Symphonic Rock
The Squeaky Wheel;The Dear Hunter;03/07/2022;Symphonic Rock
Is There Anybody Here?;The Dear Hunter;03/07/2022;Symphonic Rock
A Night on the Town;The Dear Hunter;03/07/2022;Symphonic Rock
Remembered;The Dear Hunter;03/07/2022;Symphonic Rock
At the End of the Earth;The Dear Hunter;03/07/2022;Symphonic Rock
Waves;The Dear Hunter;03/07/2022;Symphonic Rock
The Old Haunt;The Dear Hunter;03/07/2022;Symphonic Rock
Rebirth;The Dear Hunter;03/07/2022;Symphonic Rock
Cyboogie;King Gizzard & the Lizard Wizard;03/07/2022;Psychedelic Rock
Acarine;King Gizzard & the Lizard Wizard;03/07/2022;Psychedelic Rock
This Thing;King Gizzard & the Lizard Wizard;03/07/2022;Psychedelic Rock
Real's Not Real;King Gizzard & the Lizard Wizard;03/07/2022;Psychedelic Rock
The Cruel Millennial;King Gizzard & the Lizard Wizard;03/07/2022;Psychedelic Rock
Plastic Boogie;King Gizzard & the Lizard Wizard;03/07/2022;Psychedelic Rock
Money Shot;Puscifer;03/07/2022;Art Rock
Simultaneous;Puscifer;03/07/2022;Art Rock
Grand Canyon;Puscifer;03/07/2022;Art Rock
Agostina;Puscifer;03/07/2022;Art Rock
Galileo;Puscifer;03/07/2022;Art Rock
Octavarium;Dream Theater;03/07/2022;Progressive Metal
Sunshine;Bent Knee;03/07/2022;Art Rock
Untitled;Bent Knee;03/07/2022;Art Rock
Battle Creek;Bent Knee;03/07/2022;Art Rock
Dead Horse;Bent Knee;03/07/2022;Art Rock
I'm Still Here;Bent Knee;03/07/2022;Art Rock
In God We Trust;Bent Knee;03/07/2022;Art Rock
Dry;Bent Knee;03/07/2022;Art Rock
Way Too Long;Bent Knee;03/07/2022;Art Rock
Shiny Eyed Babies;Bent Knee;03/07/2022;Art Rock
Queer Gods;Bent Knee;03/07/2022;Art Rock
Queer Gods;Bent Knee;03/07/2022;Art Rock
Greenhouse Heat Death;King Gizzard & the Lizard Wizard;03/07/2022;Psychedelic Rock
Beginner's Luck;King Gizzard & the Lizard Wizard;03/07/2022;Psychedelic Rock
Tool - You Lied [HD];iBongbarian;03/07/2022;Progressive Metal
Tool - No Quarter (FULL HD);lovigab;03/07/2022;Progressive Metal
Pink Lemonade;Closure In Moscow;03/07/2022;Progressive Rock
The Fool;Closure In Moscow;03/07/2022;Progressive Rock
Opiate²;TOOL;03/07/2022;Progressive Metal
Microphone Fiend;Rage Against the Machine;03/07/2022;Rap Metal
The Flame (Is Gone);The Dear Hunter;03/07/2022;Symphonic Rock
Gloria;The Dear Hunter;03/07/2022;Symphonic Rock
The Haves Have Naught;The Dear Hunter;03/07/2022;Symphonic Rock
Mr. Usher (On His Way to Town);The Dear Hunter;03/07/2022;Symphonic Rock
Melpomene;The Dear Hunter;03/07/2022;Symphonic Rock
The Revival;The Dear Hunter;03/07/2022;Symphonic Rock
Cascade;The Dear Hunter;03/07/2022;Symphonic Rock
The Most Cursed of Hands / Who Am I;The Dear Hunter;03/07/2022;Symphonic Rock
The Moon / Awake;The Dear Hunter;03/07/2022;Symphonic Rock
Regress;The Dear Hunter;03/07/2022;Symphonic Rock
Seeds of Gold;Closure In Moscow;03/06/2022;Progressive Rock
Neoprene Byzantine;Closure In Moscow;03/06/2022;Progressive Rock
Plague Accommodations;Thank You Scientist;03/04/2022;Progressive Rock
Soul Diver;Thank You Scientist;03/04/2022;Progressive Rock
Creature Comfort;Thank You Scientist;03/04/2022;Progressive Rock
Gigglebutton;Thank You Scientist;03/04/2022;Progressive Rock
Soul Diver;Thank You Scientist;03/04/2022;Progressive Rock
Creature Comfort;Thank You Scientist;03/04/2022;Progressive Rock
Gigglebutton;Thank You Scientist;03/04/2022;Progressive Rock
Terraformer;Thank You Scientist;03/04/2022;Progressive Rock
Plague Accommodations;Thank You Scientist;03/04/2022;Progressive Rock
Thank You Scientist - Party All the Time (OFFICIAL MUSIC VIDEO);Thank You Scientist;03/04/2022;Progressive Rock
Life of Vermin;Thank You Scientist;03/03/2022;Progressive Rock
Geronimo;Thank You Scientist;03/03/2022;Progressive Rock
Chromology;Thank You Scientist;03/03/2022;Progressive Rock
Everyday Ghosts;Thank You Scientist;03/03/2022;Progressive Rock
Birdwatching;Thank You Scientist;03/03/2022;Progressive Rock
Son of a Serpent;Thank You Scientist;03/03/2022;Progressive Rock
Swarm;Thank You Scientist;03/03/2022;Progressive Rock
FXMLDR;Thank You Scientist;03/03/2022;Progressive Rock
Wrinkle;Thank You Scientist;03/03/2022;Progressive Rock
