Sammy Jammy;Sam Greenfield;2022-04-08T22:10:28.401Z;Jazz
Snake Charmer;Sam Greenfield;2022-04-08T22:09:33.262Z;Jazz
Check Your DMs;Sam Greenfield;2022-04-08T22:06:15.435Z;Jazz
Doggie Bello (feat. Augie Bello);Sam Greenfield;2022-04-08T22:02:30.405Z;Jazz
Kidz Bop (feat. Jon Lampley);Sam Greenfield;2022-04-08T21:57:31.772Z;Jazz
Just One Of Those Days;Sam Greenfield;2022-04-08T21:54:09.930Z;Jazz
Chips & Dip;Sam Greenfield;2022-04-08T21:53:08.404Z;Jazz
Shep's Fitness Assessment;We Used to Cut the Grass;2022-04-08T21:52:35.039Z;Jazz Fusion
Shep's Enthusiasm;We Used to Cut the Grass;2022-04-08T21:48:45.270Z;Jazz Fusion
Shep's Mishap;We Used to Cut the Grass;2022-04-08T21:44:28.646Z;Jazz Fusion
Shep's Anxiety;We Used to Cut the Grass;2022-04-08T21:39:11.323Z;Jazz Fusion
Shep's Nightcap;We Used to Cut the Grass;2022-04-08T21:34:01.396Z;Jazz Fusion
Shep's Lounge;We Used to Cut the Grass;2022-04-08T21:25:54.552Z;Jazz Fusion
DEVO Variations;We Used to Cut the Grass;2022-04-08T21:20:40.328Z;Jazz Fusion
Visitors Pomp II;We Used to Cut the Grass;2022-04-08T21:18:40.508Z;Jazz Fusion
Visitors Pomp I;We Used to Cut the Grass;2022-04-08T21:13:41.026Z;Jazz Fusion
The Fourth Colour;King Gizzard & the Lizard Wizard;2022-04-08T21:08:38.415Z;Psychedelic Rock
Searching…;King Gizzard & the Lizard Wizard;2022-04-08T21:05:34.878Z;Psychedelic Rock
Tetrachromacy;King Gizzard & the Lizard Wizard;2022-04-08T21:02:04.290Z;Psychedelic Rock
Horology;King Gizzard & the Lizard Wizard;2022-04-08T20:59:12.278Z;Psychedelic Rock
Loyalty;King Gizzard & the Lizard Wizard;2022-04-08T20:55:42.930Z;Psychedelic Rock
Inner Cell;King Gizzard & the Lizard Wizard;2022-04-08T17:49:42.699Z;Psychedelic Rock
Deserted Dunes Welcome Weary Feet;King Gizzard & the Lizard Wizard;2022-04-08T17:46:32.130Z;Psychedelic Rock
The Castle In The Air;King Gizzard & the Lizard Wizard;2022-04-08T17:43:21.231Z;Psychedelic Rock
Polygondwanaland;King Gizzard & the Lizard Wizard;2022-04-08T17:36:03.666Z;Psychedelic Rock
Vacant;Dream Theater;2022-04-08T17:33:27.871Z;Progressive Metal
Honor Thy Father;Dream Theater;2022-04-08T17:16:01.581Z;Progressive Metal
November;Psychedelic Porn Crumpets;2022-04-08T17:00:42.858Z;Psychedelic Rock
It's Not Safe to Leave This House;Psychedelic Porn Crumpets;2022-04-08T16:57:20.822Z;Psychedelic Rock
Dependant on Mary;Psychedelic Porn Crumpets;2022-04-08T16:52:34.025Z;Psychedelic Rock
Coffee;Psychedelic Porn Crumpets;2022-04-08T16:49:24.855Z;Psychedelic Rock
Buzz;Psychedelic Porn Crumpets;2022-04-08T16:45:16.002Z;Psychedelic Rock
Move;Psychedelic Porn Crumpets;2022-04-08T16:40:44.692Z;Psychedelic Rock
Ergophobia;Psychedelic Porn Crumpets;2022-04-08T16:31:57.362Z;Psychedelic Rock
First Light in the Garden at Chipping;Psychedelic Porn Crumpets;2022-04-08T16:28:37.464Z;Psychedelic Rock
Gurzle;Psychedelic Porn Crumpets;2022-04-08T16:24:07.836Z;Psychedelic Rock
Nek;Psychedelic Porn Crumpets;2022-04-08T16:19:40.084Z;Psychedelic Rock
Beep Box;Snarky Puppy;2022-04-08T13:24:01.456Z;Jazz
Grown Folks;Snarky Puppy;2022-04-08T13:16:04.526Z;Jazz
Gemini;Snarky Puppy;2022-04-08T13:10:49.519Z;Jazz
Semente;Snarky Puppy;2022-04-08T13:03:37.821Z;Jazz
Tarova;Snarky Puppy;2022-04-08T12:59:58.277Z;Jazz
Creature;The Tea Club;2022-04-08T12:46:17.147Z;Progressive Rock
Sinking Ship;The Tea Club;2022-04-08T12:43:00.160Z;Progressive Rock
Came at a Loss;The Tea Club;2022-04-08T12:38:40.258Z;Progressive Rock
Rivermen;The Tea Club;2022-04-08T12:32:04.332Z;Progressive Rock
If I Mean When;The Tea Club;2022-04-08T12:27:43.271Z;Progressive Rock
Say Yes;The Tea Club;2022-04-08T12:23:29.420Z;Progressive Rock
The Way You Call;The Tea Club;2022-04-08T12:20:47.288Z;Progressive Rock
Need More Input;Thank You Scientist;2022-04-07T03:05:41.185Z;Progressive Rock
Blue Automatic;Thank You Scientist;2022-04-07T03:00:00.671Z;Progressive Rock
A Wolf in Cheap Clothing;Thank You Scientist;2022-04-07T02:53:17.696Z;Progressive Rock
Mr. Invisible;Thank You Scientist;2022-04-07T02:45:26.230Z;Progressive Rock
Caverns;Thank You Scientist;2022-04-07T02:38:00.961Z;Progressive Rock
The Somnambulist;Thank You Scientist;2022-04-07T02:32:28.252Z;Progressive Rock
Prologue: A Faint Applause...;Thank You Scientist;2022-04-07T02:30:25.567Z;Progressive Rock
My Famed Disappearing Act;Thank You Scientist;2022-04-07T02:23:07.844Z;Progressive Rock
In the Company of Worms;Thank You Scientist;2022-04-07T02:15:45.357Z;Progressive Rock
Concrete Swan Dive;Thank You Scientist;2022-04-07T02:08:26.136Z;Progressive Rock
Carnival;Thank You Scientist;2022-04-07T02:01:38.010Z;Progressive Rock
Suspicious Waveforms;Thank You Scientist;2022-04-07T01:55:01.852Z;Progressive Rock
Absentee;Thank You Scientist;2022-04-07T01:49:00.036Z;Progressive Rock
Blood on the Radio;Thank You Scientist;2022-04-07T01:44:17.761Z;Progressive Rock
A Salesman's Guide to Non-Existence;Thank You Scientist;2022-04-07T01:44:17.709Z;Progressive Rock
Feed the Horses;Thank You Scientist;2022-04-07T01:44:17.311Z;Progressive Rock
Prelude;Thank You Scientist;2022-04-07T01:44:16.689Z;Progressive Rock
Gemini;Thank You Scientist;2022-04-07T01:44:16.306Z;Progressive Rock
Make Like a Tree (Get Out);Thank You Scientist;2022-04-07T01:44:15.530Z;Progressive Rock
Thank You Scientist - Party All the Time (OFFICIAL MUSIC VIDEO);Thank You Scientist;2022-04-07T01:44:15.421Z;Progressive Rock
Plague Accommodations;Thank You Scientist;2022-04-07T01:44:14.385Z;Progressive Rock
Soul Diver;Thank You Scientist;2022-04-07T01:44:13.692Z;Progressive Rock
Creature Comfort;Thank You Scientist;2022-04-07T00:47:58.055Z;Progressive Rock
Gigglebutton;Thank You Scientist;2022-04-07T00:45:56.663Z;Progressive Rock
The Things You Love;Bent Knee;2022-04-06T03:48:19.099Z;Art Rock
Interlude;Bent Knee;2022-04-06T03:47:30.327Z;Art Rock
Eve;Bent Knee;2022-04-06T03:39:23.522Z;Art Rock
Counselor;Bent Knee;2022-04-06T03:10:55.707Z;Art Rock
Leak Water;Bent Knee;2022-04-06T03:05:40.715Z;Art Rock
Black Tar Water;Bent Knee;2022-04-06T03:02:10.656Z;Art Rock
I'm Still Here;Bent Knee;2022-04-05T03:19:59.484Z;Art Rock
In God We Trust;Bent Knee;2022-04-05T03:14:38.828Z;Art Rock
Dry;Bent Knee;2022-04-05T03:07:50.110Z;Art Rock
Way Too Long;Bent Knee;2022-04-05T03:02:51.096Z;Art Rock
Shiny Eyed Babies;Bent Knee;2022-04-05T03:01:31.685Z;Art Rock
Skin;Bent Knee;2022-04-05T02:59:42.182Z;Art Rock
In God We Trust;Bent Knee;2022-04-05T02:54:09.358Z;Art Rock
Good Girl;Bent Knee;2022-04-05T02:47:24.291Z;Art Rock
Hands Up;Bent Knee;2022-04-05T02:41:08.242Z;Art Rock
Commercial;Bent Knee;2022-04-05T02:37:24.341Z;Art Rock
Nakami;Bent Knee;2022-04-05T02:32:04.350Z;Art Rock
The Things You Love;Bent Knee;2022-04-05T02:25:34.685Z;Art Rock
Interlude;Bent Knee;2022-04-05T02:24:45.669Z;Art Rock
Eve;Bent Knee;2022-04-05T02:07:26.678Z;Art Rock
Counselor;Bent Knee;2022-04-05T02:01:12.824Z;Art Rock
Leak Water;Bent Knee;2022-04-05T01:56:31.845Z;Art Rock
Black Tar Water;Bent Knee;2022-04-05T01:54:43.092Z;Art Rock
Through The Desert Alone;Circa Survive;2022-04-05T01:50:15.506Z;Progressive Rock
Get Out;Circa Survive;2022-04-05T01:49:19.571Z;Progressive Rock
Strange Terrain;Circa Survive;2022-04-05T01:45:20.390Z;Progressive Rock
In the Company of Worms;Thank You Scientist;2022-04-01T21:54:53.332Z;Progressive Rock
Concrete Swan Dive;Thank You Scientist;2022-04-01T21:49:02.505Z;Progressive Rock
Carnival;Thank You Scientist;2022-04-01T21:42:29.716Z;Progressive Rock
Suspicious Waveforms;Thank You Scientist;2022-04-01T21:35:56.118Z;Progressive Rock
Absentee;Thank You Scientist;2022-04-01T21:31:08.765Z;Progressive Rock
Blood on the Radio;Thank You Scientist;2022-04-01T21:20:28.983Z;Progressive Rock
Feed the Horses;Thank You Scientist;2022-04-01T21:14:01.177Z;Progressive Rock
Prelude;Thank You Scientist;2022-04-01T21:07:41.539Z;Progressive Rock
Gemini;Thank You Scientist;2022-04-01T21:00:27.205Z;Progressive Rock
Make Like a Tree (Get Out);Thank You Scientist;2022-04-01T20:55:00.301Z;Progressive Rock
Leave Your Light On;Thank You Scientist;2022-04-01T20:48:26.565Z;Progressive Rock
Abandonship;Thank You Scientist;2022-04-01T20:38:24.252Z;Progressive Rock
Grin;Thank You Scientist;2022-04-01T20:33:05.092Z;Progressive Rock
Excerpts from Octopus (Live 1976) (Steven Wilson Mix);Gentle Giant;2022-04-01T17:49:20.663Z;Progressive Rock
River (Steven Wilson Mix);Gentle Giant;2022-04-01T17:43:26.015Z;Progressive Rock
Think of Me with Kindness (Steven Wilson Mix);Gentle Giant;2022-04-01T17:37:36.014Z;Progressive Rock
Dog's Life (Steven Wilson Mix);Gentle Giant;2022-04-01T17:34:22.290Z;Progressive Rock
The Boys in the Band (Steven Wilson Mix);Gentle Giant;2022-04-01T17:30:02.348Z;Progressive Rock
Knots (Steven Wilson Mix);Gentle Giant;2022-04-01T17:30:02.298Z;Progressive Rock
A Cry for Everyone (Steven Wilson Mix);Gentle Giant;2022-04-01T17:30:02.219Z;Progressive Rock
Raconteur Troubadour (Steven Wilson Mix);Gentle Giant;2022-04-01T17:17:25.769Z;Progressive Rock
The Advent of Panurge (Steven Wilson Mix);Gentle Giant;2022-04-01T17:12:41.857Z;Progressive Rock
Catching Smoke;King Gizzard & the Lizard Wizard;2022-04-01T17:06:14.125Z;Psychedelic Rock
Interior People;King Gizzard & the Lizard Wizard;2022-04-01T16:44:43.681Z;Psychedelic Rock
Blue Morpho;King Gizzard & the Lizard Wizard;2022-04-01T16:40:52.790Z;Psychedelic Rock
Dreams;King Gizzard & the Lizard Wizard;2022-04-01T16:36:48.722Z;Psychedelic Rock
Shanghai;King Gizzard & the Lizard Wizard;2022-04-01T16:32:48.003Z;Psychedelic Rock
Yours;King Gizzard & the Lizard Wizard;2022-04-01T16:27:35.589Z;Psychedelic Rock
The Creator Has A Mastertape [Remastered];Porcupine Tree;2022-04-01T16:27:19.424Z;Psychedelic Rock
.3 [Remastered];Porcupine Tree;2022-04-01T16:19:32.533Z;Psychedelic Rock
Prodigal [Remastered];Porcupine Tree;2022-04-01T16:13:59.015Z;Psychedelic Rock
Wedding Nails [Remastered];Porcupine Tree;2022-04-01T16:07:23.177Z;Psychedelic Rock
The Sound Of Muzak [Remastered];Porcupine Tree;2022-04-01T15:53:36.640Z;Psychedelic Rock
Lips Of Ashes [Remastered];Porcupine Tree;2022-04-01T15:48:54.498Z;Psychedelic Rock
Trains [Remastered];Porcupine Tree;2022-04-01T15:42:37.039Z;Psychedelic Rock
Blackest Eyes [Remastered];Porcupine Tree;2022-04-01T15:38:11.379Z;Psychedelic Rock
Quiet Mind;GoGo Penguin;2022-04-01T14:24:07.059Z;Jazz
Weird Cat;GoGo Penguin;2022-04-01T14:18:28.373Z;Jazz
Branches Break;GoGo Penguin;2022-04-01T14:13:47.442Z;Jazz
Unspeakable World;GoGo Penguin;2022-04-01T14:09:03.502Z;Jazz
All Res;GoGo Penguin;2022-04-01T14:03:46.208Z;Jazz
Cytherean;Sungazer;2022-04-01T13:59:05.515Z;ElectroJazz
Thicc;Sungazer;2022-04-01T13:55:17.478Z;ElectroJazz
A Song With No Words;Sungazer;2022-04-01T13:51:29.888Z;ElectroJazz
Perihelion;Sungazer;2022-04-01T13:47:13.970Z;ElectroJazz
Days into Nights (feat. JAE SOTO);Sungazer;2022-04-01T13:43:33.059Z;ElectroJazz
Lunar;Sungazer;2022-04-01T13:39:08.028Z;ElectroJazz
The Dark (feat. Hannah Sumner);Sungazer;2022-04-01T13:37:00.776Z;ElectroJazz
All These People;Sungazer;2022-04-01T13:37:00.775Z;ElectroJazz
Macchina;Sungazer;2022-04-01T13:37:00.775Z;ElectroJazz
Threshold;Sungazer;2022-04-01T13:37:00.726Z;ElectroJazz
In The Clouds;Sam Greenfield;2022-04-01T01:55:44.088Z;Jazz
Sammy Jammy;Sam Greenfield;2022-04-01T01:45:07.226Z;Jazz
Snake Charmer;Sam Greenfield;2022-04-01T01:44:12.394Z;Jazz
Check Your DMs;Sam Greenfield;2022-04-01T01:37:09.797Z;Jazz
Doggie Bello (feat. Augie Bello);Sam Greenfield;2022-04-01T01:33:13.401Z;Jazz
Just One Of Those Days;Sam Greenfield;2022-04-01T01:23:15.604Z;Jazz
Chips & Dip;Sam Greenfield;2022-04-01T01:22:13.710Z;Jazz
The Amateur Arsonist's Handbook;Thank You Scientist;2022-04-01T01:21:06.039Z;Progressive Rock
Thank You Scientist - Party All the Time (OFFICIAL MUSIC VIDEO);Thank You Scientist;2022-04-01T01:15:43.130Z;Progressive Rock
Plague Accommodations;Thank You Scientist;2022-04-01T01:09:40.517Z;Progressive Rock
Soul Diver;Thank You Scientist;2022-04-01T01:02:48.960Z;Progressive Rock
Creature Comfort;Thank You Scientist;2022-04-01T00:57:18.903Z;Progressive Rock
Gigglebutton;Thank You Scientist;2022-04-01T00:54:25.236Z;Progressive Rock
Swarm;Thank You Scientist;2022-03-31T16:24:08.216Z;Progressive Rock
FXMLDR;Thank You Scientist;2022-03-31T16:16:12.056Z;Progressive Rock
Wrinkle;Thank You Scientist;2022-03-31T16:13:39.326Z;Progressive Rock
Requiem;Lucid Planet;2022-03-31T16:13:04.296Z;Progressive Metal
This Side of the Yawning Grave;Lucid Planet;2022-03-31T11:55:30.170Z;Progressive Metal
Olm 053;Lucid Planet;2022-03-31T11:52:02.141Z;Progressive Metal
Grey Feet;Lucid Planet;2022-03-31T11:51:51.102Z;Progressive Metal
Apparatus;Lucid Planet;2022-03-31T11:51:42.987Z;Progressive Metal
Listen;Lucid Planet;2022-03-31T11:43:31.168Z;Progressive Metal
See Me;King Gizzard & the Lizard Wizard;2022-03-30T01:37:58.597Z;Psychedelic Rock
Ataraxia;King Gizzard & the Lizard Wizard;2022-03-30T01:31:23.061Z;Psychedelic Rock
East West Link;King Gizzard & the Lizard Wizard;2022-03-30T01:28:14.265Z;Psychedelic Rock
Static Electricity;King Gizzard & the Lizard Wizard;2022-03-30T01:22:24.759Z;Psychedelic Rock
Supreme Ascendancy;King Gizzard & the Lizard Wizard;2022-03-30T01:18:44.802Z;Psychedelic Rock
Pleura;King Gizzard & the Lizard Wizard;2022-03-30T01:14:33.772Z;Psychedelic Rock
O.N.E.;King Gizzard & the Lizard Wizard;2022-03-30T01:10:53.870Z;Psychedelic Rock
If Not Now, Then When?;King Gizzard & the Lizard Wizard;2022-03-30T01:07:03.064Z;Psychedelic Rock
Dragonfly;Caligula's Horse;2022-03-29T15:53:34.566Z;Progressive Metal
Firelight;Caligula's Horse;2022-03-29T15:53:17.271Z;Progressive Metal
Marigold;Caligula's Horse;2022-03-29T15:46:57.485Z;Progressive Metal
Bloom;Caligula's Horse;2022-03-29T15:43:42.107Z;Progressive Metal
Flying Microtonal Banana;King Gizzard & the Lizard Wizard;2022-03-29T14:32:53.593Z;Psychedelic Rock
Nuclear Fusion;King Gizzard & the Lizard Wizard;2022-03-29T14:25:59.665Z;Psychedelic Rock
Doom City;King Gizzard & the Lizard Wizard;2022-03-29T13:52:26.433Z;Psychedelic Rock
Anoxia;King Gizzard & the Lizard Wizard;2022-03-29T13:49:22.418Z;Psychedelic Rock
Billabong Valley;King Gizzard & the Lizard Wizard;2022-03-29T13:45:47.773Z;Psychedelic Rock
Sleep Drifter;King Gizzard & the Lizard Wizard;2022-03-29T13:41:02.846Z;Psychedelic Rock
Open Water;King Gizzard & the Lizard Wizard;2022-03-29T13:33:49.072Z;Psychedelic Rock
Melting;King Gizzard & the Lizard Wizard;2022-03-29T13:28:22.017Z;Psychedelic Rock
Rattlesnake;King Gizzard & the Lizard Wizard;2022-03-29T13:20:32.862Z;Psychedelic Rock
Reactor;GoGo Penguin;2022-03-29T13:20:11.780Z;Jazz
Protest;GoGo Penguin;2022-03-29T13:15:27.936Z;Jazz
Surrender To Mountain;GoGo Penguin;2022-03-29T13:11:29.277Z;Jazz
GBFISYSIH;GoGo Penguin;2022-03-29T13:08:07.482Z;Jazz
Initiate;GoGo Penguin;2022-03-29T13:03:20.419Z;Jazz
Smarra;GoGo Penguin;2022-03-29T12:56:49.565Z;Jazz
Quiet Mind;GoGo Penguin;2022-03-29T12:52:26.044Z;Jazz
Weird Cat;GoGo Penguin;2022-03-29T12:46:47.035Z;Jazz
Branches Break;GoGo Penguin;2022-03-29T12:41:28.180Z;Jazz
Unspeakable World;GoGo Penguin;2022-03-29T12:36:44.260Z;Jazz
All Res;GoGo Penguin;2022-03-29T12:31:27.524Z;Jazz
Lippincott;Animals As Leaders;2022-03-29T12:31:17.603Z;Progressive Metal
Kascade;Animals As Leaders;2022-03-29T12:28:23.428Z;Progressive Metal
Thicc;Sungazer;2022-03-29T12:25:33.893Z;ElectroJazz
A Song With No Words;Sungazer;2022-03-29T12:24:02.815Z;ElectroJazz
Perihelion;Sungazer;2022-03-29T12:15:44.820Z;ElectroJazz
Days into Nights (feat. JAE SOTO);Sungazer;2022-03-29T12:12:03.979Z;ElectroJazz
Lunar;Sungazer;2022-03-29T12:09:17.127Z;ElectroJazz
The Dark (feat. Hannah Sumner);Sungazer;2022-03-29T11:53:40.555Z;ElectroJazz
All These People;Sungazer;2022-03-29T11:49:48.658Z;ElectroJazz
Macchina;Sungazer;2022-03-29T11:46:03.863Z;ElectroJazz
Threshold;Sungazer;2022-03-29T11:42:07.905Z;ElectroJazz
Dark Matter;Porcupine Tree;2022-03-29T03:05:52.753Z;Progressive Rock
Light Mass Prayers;Porcupine Tree;2022-03-29T03:01:22.992Z;Progressive Rock
Intermediate Jesus;Porcupine Tree;2022-03-29T02:51:53.944Z;Progressive Rock
Every Home Is Wired;Porcupine Tree;2022-03-29T02:51:25.964Z;Progressive Rock
Idiot Prayer;Porcupine Tree;2022-03-29T02:43:48.746Z;Progressive Rock
Sever;Porcupine Tree;2022-03-29T02:42:58.191Z;Progressive Rock
Waiting Phase Two;Porcupine Tree;2022-03-29T02:36:42.552Z;Progressive Rock
Waiting Phase One;Porcupine Tree;2022-03-29T02:32:18.328Z;Progressive Rock
Pagan;Porcupine Tree;2022-03-29T02:30:44.936Z;Progressive Rock
The Sleep of No Dreaming;Porcupine Tree;2022-03-29T02:25:18.179Z;Progressive Rock
Signify;Porcupine Tree;2022-03-29T02:21:51.899Z;Progressive Rock
Bornlivedie;Porcupine Tree;2022-03-29T02:20:05.358Z;Progressive Rock
Holst: The Planets, Op. 32 - 1. Mars, the Bringer of War;Los Angeles Philharmonic;2022-03-29T02:19:56.582Z;Classical Music
The Rite of Spring: Part Two: The Sacrifice: Sacrificial Dance (The Chosen One);Teodor Currentzis;2022-03-29T02:15:21.955Z;Classical Music
The Rite of Spring: Part Two: The Sacrifice: Ritual Action of the Ancestors;Teodor Currentzis;2022-03-29T02:11:20.838Z;Classical Music
The Rite of Spring: Part Two: The Sacrifice: Evocation of the Ancestors;Teodor Currentzis;2022-03-29T02:10:42.958Z;Classical Music
The Rite of Spring: Part Two: The Sacrifice: Glorification of the Chosen One;Teodor Currentzis;2022-03-29T02:09:07.387Z;Classical Music
The Rite of Spring: Part Two: The Sacrifice: Mystical Circles of the Young Girls;Teodor Currentzis;2022-03-29T02:04:10.446Z;Classical Music
The Rite of Spring: Part Two: The Sacrifice: Introduction;Teodor Currentzis;2022-03-29T01:59:33.608Z;Classical Music
The Rite of Spring: Part One: Adoration of the Earth: Dance of the Earth;Teodor Currentzis;2022-03-29T01:58:28.359Z;Classical Music
The Rite of Spring: Part One: Adoration of the Earth: The Sage;Teodor Currentzis;2022-03-29T01:58:03.451Z;Classical Music
The Rite of Spring: Part One: Adoration of the Earth: Procession of the Sage;Teodor Currentzis;2022-03-29T01:57:24.847Z;Classical Music
The Rite of Spring: Part One: Adoration of the Earth: Games of the Rival Tribes;Teodor Currentzis;2022-03-29T01:55:30.930Z;Classical Music
The Rite of Spring: Part One: Adoration of the Earth: Spring Rounds;Teodor Currentzis;2022-03-29T01:51:26.879Z;Classical Music
The Rite of Spring: Part One: Adoration of the Earth: Game of Abduction;Teodor Currentzis;2022-03-29T01:50:17.978Z;Classical Music
The Rite of Spring: Part One: Adoration of the Earth: The Augurs of Spring - Dance of the Young...;Teodor Currentzis;2022-03-29T01:47:18.916Z;Classical Music
The Rite of Spring: Part One: Adoration of the Earth: Introduction;Teodor Currentzis;2022-03-29T01:43:49.401Z;Classical Music
The Rite of Spring: III. Ritual of Abduction;American Symphony Orchestra;2022-03-29T01:41:18.538Z;Classical Music
The Rite of Spring: II. The Augers of Spring - Dances of the Young Girls;American Symphony Orchestra;2022-03-29T01:37:46.732Z;Classical Music
The Rite of Spring: I. Part I, Introduction;American Symphony Orchestra;2022-03-29T01:33:10.448Z;Classical Music
The Rite of Spring: Part I: Spring Rounds;Pierre Monteux;2022-03-29T01:30:22.779Z;Classical Music
The Rite of Spring: Part I: Game of Abduction;Pierre Monteux;2022-03-29T01:29:02.914Z;Classical Music
The Rite of Spring: Part I: Dances of the Young Girls;Pierre Monteux;2022-03-29T01:25:46.739Z;Classical Music
The Rite of Spring: Part I: Introduction;Pierre Monteux;2022-03-29T01:22:42.701Z;Classical Music
Marigold;Caligula's Horse;2022-03-29T01:20:44.139Z;Progressive Metal
Bloom;Caligula's Horse;2022-03-29T01:17:28.329Z;Progressive Metal
The Raven That Refused to Sing;Steven Wilson;2022-03-28T19:22:00.998Z;Progressive Metal
The Watchmaker;Steven Wilson;2022-03-28T19:10:15.291Z;Progressive Metal
The Pin Drop;Steven Wilson;2022-03-28T19:05:12.626Z;Progressive Metal
The Holy Drinker;Steven Wilson;2022-03-28T18:54:58.006Z;Progressive Metal
Drive Home;Steven Wilson;2022-03-28T18:47:19.616Z;Progressive Metal
Carnival;Thank You Scientist;2022-03-28T17:36:34.994Z;Progressive Rock
Suspicious Waveforms;Thank You Scientist;2022-03-28T17:30:01.035Z;Progressive Rock
Absentee;Thank You Scientist;2022-03-28T17:24:20.284Z;Progressive Rock
Blood on the Radio;Thank You Scientist;2022-03-28T16:32:47.433Z;Progressive Rock
Feed the Horses;Thank You Scientist;2022-03-28T16:22:28.248Z;Progressive Rock
A Salesman's Guide to Non-Existence;Thank You Scientist;2022-03-28T12:45:12.733Z;Progressive Rock
Prelude;Thank You Scientist;2022-03-28T12:43:59.232Z;Progressive Rock
Gemini;Thank You Scientist;2022-03-28T12:36:44.368Z;Progressive Rock
Thank You Scientist - Party All the Time (OFFICIAL MUSIC VIDEO);Thank You Scientist;2022-03-28T12:36:31.552Z;Progressive Rock
Soul Diver;Thank You Scientist;2022-03-28T12:23:37.366Z;Progressive Rock
Creature Comfort;Thank You Scientist;2022-03-28T12:18:07.483Z;Progressive Rock
Gigglebutton;Thank You Scientist;2022-03-28T12:16:11.104Z;Progressive Rock
Luminol;Steven Wilson;2022-03-28T11:29:32.162Z;Progressive Rock
Mr. Usher (On His Way to Town);The Dear Hunter;2022-03-27T04:00:52.591Z;Symphonic Rock
Melpomene;The Dear Hunter;2022-03-27T03:56:37.742Z;Symphonic Rock
The Revival;The Dear Hunter;2022-03-27T03:51:37.262Z;Symphonic Rock
The Most Cursed of Hands / Who Am I;The Dear Hunter;2022-03-27T03:44:54.418Z;Symphonic Rock
Cascade;The Dear Hunter;2022-03-27T03:39:42.625Z;Symphonic Rock
The Moon / Awake;The Dear Hunter;2022-03-27T03:33:33.717Z;Symphonic Rock
Regress;The Dear Hunter;2022-03-27T03:33:16.817Z;Symphonic Rock
Ouroboros;The Dear Hunter;2022-03-27T03:26:46.889Z;Symphonic Rock
Wait;The Dear Hunter;2022-03-27T03:23:25.498Z;Symphonic Rock
The Line;The Dear Hunter;2022-03-27T03:23:23.514Z;Symphonic Rock
If All Goes Well;The Dear Hunter;2022-03-27T03:23:21.746Z;Symphonic Rock
King of Swords (Reversed);The Dear Hunter;2022-03-27T03:23:14.196Z;Symphonic Rock
Rebirth;The Dear Hunter;2022-03-27T03:22:27.053Z;Symphonic Rock
A Beginning;The Dear Hunter;2022-03-27T03:22:13.556Z;Symphonic Rock
Gloria;The Dear Hunter;2022-03-27T03:22:10.221Z;Symphonic Rock
The Bitter Suite Vi: Abandon;The Dear Hunter;2022-03-27T03:12:14.407Z;Symphonic Rock
The Bitter Suite IV and V: The Congregation and the Sermon in the Silt;The Dear Hunter;2022-03-27T03:06:33.333Z;Symphonic Rock
The Squeaky Wheel;The Dear Hunter;2022-03-27T03:06:26.941Z;Symphonic Rock
Is There Anybody Here?;The Dear Hunter;2022-03-27T02:54:18.600Z;Symphonic Rock
A Night on the Town;The Dear Hunter;2022-03-27T02:45:19.065Z;Symphonic Rock
Remembered;The Dear Hunter;2022-03-27T02:41:27.990Z;Symphonic Rock
At the End of the Earth;The Dear Hunter;2022-03-27T02:36:12.211Z;Symphonic Rock
Waves;The Dear Hunter;2022-03-27T02:31:59.994Z;Symphonic Rock
The Old Haunt;The Dear Hunter;2022-03-27T02:27:23.895Z;Symphonic Rock
Rebirth;The Dear Hunter;2022-03-27T02:24:34.945Z;Symphonic Rock
I'm Sleepin' In;King Gizzard & the Lizard Wizard;2022-03-26T23:39:43.827Z;Psychedelic Rock
All Is Known;King Gizzard & the Lizard Wizard;2022-03-26T23:36:09.888Z;Psychedelic Rock
The Last Oasis;King Gizzard & the Lizard Wizard;2022-03-26T23:32:35.091Z;Psychedelic Rock
The Great Chain of Being;King Gizzard & the Lizard Wizard;2022-03-26T23:27:44.959Z;Psychedelic Rock
Down the Sink;King Gizzard & the Lizard Wizard;2022-03-26T23:23:45.322Z;Psychedelic Rock
Superposition;King Gizzard & the Lizard Wizard;2022-03-26T23:20:10.197Z;Psychedelic Rock
Muddy Water;King Gizzard & the Lizard Wizard;2022-03-26T23:16:32.087Z;Psychedelic Rock
Barefoot Desert;King Gizzard & the Lizard Wizard;2022-03-26T23:12:47.628Z;Psychedelic Rock
Greenhouse Heat Death;King Gizzard & the Lizard Wizard;2022-03-26T23:08:34.866Z;Psychedelic Rock
Beginner's Luck;King Gizzard & the Lizard Wizard;2022-03-26T23:04:08.960Z;Psychedelic Rock
Drag Ropes;Storm Corrosion;2022-03-26T17:03:02.179Z;Progressive Metal
Things It Would Have Been Helpful to Know Before the Revolution;Father John Misty;2022-03-26T17:00:58.319Z;Symphonic Rock
And Here We Test Our Powers Of Observation;The Bad Plus;2022-03-26T16:58:19.495Z;Jazz
Creature Comfort;Thank You Scientist;2022-03-26T01:20:58.639Z;Progressive Rock
Gigglebutton;Thank You Scientist;2022-03-26T01:19:01.832Z;Progressive Rock
Approximately 906 Miles;Harrison Fjord;2022-03-26T01:11:48.235Z;Progressive Rock
The Talking Drum;King Crimson;2022-03-25T22:38:20.700Z;Progressive Rock
Easy Money;King Crimson;2022-03-25T22:29:45.893Z;Progressive Rock
Exiles;King Crimson;2022-03-25T22:18:04.624Z;Progressive Rock
Book Of Saturday;King Crimson;2022-03-25T22:14:51.931Z;Progressive Rock
Larks' Tongues In Aspic (Part I);King Crimson;2022-03-25T22:01:17.659Z;Progressive Rock
Islands;King Crimson;2022-03-25T21:53:14.836Z;Progressive Rock
Prelude - Song Of The Gulls;King Crimson;2022-03-25T21:48:59.879Z;Progressive Rock
Ladies of the Road;King Crimson;2022-03-25T21:43:25.337Z;Progressive Rock
Remember;Roine Stolt;2022-03-25T21:40:21.010Z;Progressive Blues
The Unwanted;Roine Stolt;2022-03-25T21:31:23.253Z;Progressive Blues
Outcast;Roine Stolt;2022-03-25T21:23:32.775Z;Progressive Blues
Sex Kills;Roine Stolt;2022-03-25T21:23:31.841Z;Progressive Blues
Dog With a Million Bones;Roine Stolt;2022-03-25T21:23:28.271Z;Progressive Blues
Spirit of the Reble;Roine Stolt;2022-03-25T21:16:07.253Z;Progressive Blues
Everyone Wants to Rule the World;Roine Stolt;2022-03-25T21:12:00.219Z;Progressive Blues
Dirt;Roine Stolt;2022-03-25T21:03:44.504Z;Progressive Blues
Head Above Water;Roine Stolt;2022-03-25T21:03:38.296Z;Progressive Blues
The Observer;Roine Stolt;2022-03-25T20:52:27.232Z;Progressive Blues
The Raven That Refused to Sing;Steven Wilson;2022-03-25T17:26:29.916Z;Progressive Rock
The Watchmaker;Steven Wilson;2022-03-25T17:26:00.424Z;Progressive Rock
The Pin Drop;Steven Wilson;2022-03-25T17:08:38.520Z;Progressive Rock
The Holy Drinker;Steven Wilson;2022-03-25T16:57:43.610Z;Progressive Rock
Drive Home;Steven Wilson;2022-03-25T16:50:06.244Z;Progressive Rock
Luminol;Steven Wilson;2022-03-25T16:36:44.940Z;Progressive Rock
2.02 Killer Year;King Gizzard & the Lizard Wizard;2022-03-25T16:35:33.108Z;Psychedelic Rock
Interior People;King Gizzard & the Lizard Wizard;2022-03-25T16:34:45.115Z;Psychedelic Rock
Catching Smoke;King Gizzard & the Lizard Wizard;2022-03-25T16:29:05.370Z;Psychedelic Rock
Blue Morpho;King Gizzard & the Lizard Wizard;2022-03-25T16:19:59.380Z;Psychedelic Rock
Dreams;King Gizzard & the Lizard Wizard;2022-03-25T16:15:55.201Z;Psychedelic Rock
Shanghai;King Gizzard & the Lizard Wizard;2022-03-25T16:11:54.765Z;Psychedelic Rock
Yours;King Gizzard & the Lizard Wizard;2022-03-25T16:07:18.542Z;Psychedelic Rock
"The Law Of Maximum Distress (including ""The Mincer"")";King Crimson;2022-03-25T16:04:58.281Z;Progressive Rock
Fracture;King Crimson;2022-03-25T15:53:43.813Z;Progressive Rock
Knights of Cydonia;Muse;2022-03-25T15:46:53.285Z;Space Rock
Hoodoo;Muse;2022-03-25T12:01:37.384Z;Space Rock
City of Delusion;Muse;2022-03-25T11:56:48.837Z;Space Rock
Exo-Politics;Muse;2022-03-25T11:56:48.537Z;Space Rock
Assassin;Muse;2022-03-25T11:52:35.604Z;Space Rock
Invincible;Muse;2022-03-25T11:51:57.624Z;Space Rock
Soldier's Poem;Muse;2022-03-25T11:49:52.286Z;Space Rock
Map of the Problematique;Muse;2022-03-25T11:49:47.100Z;Space Rock
Supermassive Black Hole;Muse;2022-03-25T11:46:14.519Z;Space Rock
Starlight;Muse;2022-03-25T11:46:00.899Z;Space Rock
Take a Bow;Muse;2022-03-25T11:41:56.591Z;Space Rock
"The Law Of Maximum Distress (including ""The Mincer"")";King Crimson;2022-03-23T02:49:17.726Z;Progressive Rock
Fracture;King Crimson;2022-03-23T02:36:20.517Z;Progressive Rock
Drive Home;Steven Wilson;2022-03-23T01:43:48.790Z;Progressive Rock
The Bitter Suite Vi: Abandon;The Dear Hunter;2022-03-22T16:22:11.042Z;Symphonic Rock
The Bitter Suite IV and V: The Congregation and the Sermon in the Silt;The Dear Hunter;2022-03-22T16:16:30.689Z;Symphonic Rock
The Squeaky Wheel;The Dear Hunter;2022-03-22T16:11:54.808Z;Symphonic Rock
Is There Anybody Here?;The Dear Hunter;2022-03-22T16:05:11.341Z;Symphonic Rock
A Night on the Town;The Dear Hunter;2022-03-22T12:07:40.088Z;Symphonic Rock
Remembered;The Dear Hunter;2022-03-22T12:03:49.194Z;Symphonic Rock
At the End of the Earth;The Dear Hunter;2022-03-22T11:58:33.221Z;Symphonic Rock
Waves;The Dear Hunter;2022-03-22T11:54:21.469Z;Symphonic Rock
The Old Haunt;The Dear Hunter;2022-03-22T11:49:45.578Z;Symphonic Rock
Rebirth;The Dear Hunter;2022-03-22T11:47:08.688Z;Symphonic Rock
La Mer, L. 111a: I. De l'aube à midi sur la mer;Emmanuel Krivine;2022-03-22T01:52:31.391Z;Classical Music
Cognitive Contortions;Animals As Leaders;2022-03-22T01:52:10.992Z;Progressive Metal
Ectogenesis;Animals As Leaders;2022-03-22T01:47:15.350Z;Progressive Metal
Arithmophobia;Animals As Leaders;2022-03-22T01:41:11.559Z;Progressive Metal
Debussy: Suite bergamasque, L. 75 - III. Clair de lune;Lang Lang;2022-03-22T01:34:43.644Z;Classical Music
Woodpecker;We Used to Cut the Grass;2022-03-21T17:49:34.360Z;Jazz Fusion
Lay Down Scully;We Used to Cut the Grass;2022-03-21T17:41:40.779Z;Jazz Fusion
Shep's Fitness Assessment;We Used to Cut the Grass;2022-03-21T17:37:24.881Z;Jazz Fusion
Shep's Enthusiasm;We Used to Cut the Grass;2022-03-21T17:34:03.993Z;Jazz Fusion
Shep's Mishap;We Used to Cut the Grass;2022-03-21T17:29:48.530Z;Jazz Fusion
Shep's Lounge;We Used to Cut the Grass;2022-03-21T17:24:47.004Z;Jazz Fusion
Shep's Nightcap;We Used to Cut the Grass;2022-03-21T17:19:37.329Z;Jazz Fusion
DEVO Variations;We Used to Cut the Grass;2022-03-21T17:07:07.903Z;Jazz Fusion
Visitors Pomp II;We Used to Cut the Grass;2022-03-21T17:05:06.337Z;Jazz Fusion
Visitors Pomp I;We Used to Cut the Grass;2022-03-21T17:00:06.750Z;Jazz Fusion
Thank You Scientist - Party All the Time (OFFICIAL MUSIC VIDEO);Thank You Scientist;2022-03-21T16:59:53.491Z;Progressive Rock
Plague Accommodations;Thank You Scientist;2022-03-21T16:53:43.260Z;Progressive Rock
Soul Diver;Thank You Scientist;2022-03-21T16:46:52.096Z;Progressive Rock
Creature Comfort;Thank You Scientist;2022-03-21T16:41:21.295Z;Progressive Rock
Gigglebutton;Thank You Scientist;2022-03-21T16:39:24.678Z;Progressive Rock
Coffee;Psychedelic Porn Crumpets;2022-03-21T12:49:45.009Z;Psychedelic Rock
Buzz;Psychedelic Porn Crumpets;2022-03-21T12:45:47.162Z;Psychedelic Rock
Move;Psychedelic Porn Crumpets;2022-03-21T12:41:15.992Z;Psychedelic Rock
Ergophobia;Psychedelic Porn Crumpets;2022-03-21T12:36:14.019Z;Psychedelic Rock
First Light in the Garden at Chipping;Psychedelic Porn Crumpets;2022-03-21T12:32:54.254Z;Psychedelic Rock
Gurzle;Psychedelic Porn Crumpets;2022-03-21T12:28:23.263Z;Psychedelic Rock
This Thing;King Gizzard & the Lizard Wizard;2022-03-21T12:24:38.943Z;Psychedelic Rock
Real's Not Real;King Gizzard & the Lizard Wizard;2022-03-21T12:20:56.724Z;Psychedelic Rock
The Cruel Millennial;King Gizzard & the Lizard Wizard;2022-03-21T12:20:47.495Z;Psychedelic Rock
Plastic Boogie;King Gizzard & the Lizard Wizard;2022-03-21T12:17:43.738Z;Psychedelic Rock
Dreams;King Gizzard & the Lizard Wizard;2022-03-21T12:16:19.238Z;Psychedelic Rock
Yours;King Gizzard & the Lizard Wizard;2022-03-21T12:07:42.914Z;Psychedelic Rock
Inner Cell;King Gizzard & the Lizard Wizard;2022-03-21T12:04:02.554Z;Psychedelic Rock
Deserted Dunes Welcome Weary Feet;King Gizzard & the Lizard Wizard;2022-03-21T12:00:22.940Z;Psychedelic Rock
The Castle In The Air;King Gizzard & the Lizard Wizard;2022-03-21T11:57:34.656Z;Psychedelic Rock
Polygondwanaland;King Gizzard & the Lizard Wizard;2022-03-21T11:54:06.421Z;Psychedelic Rock
Crumbling Castle;King Gizzard & the Lizard Wizard;2022-03-21T11:43:16.982Z;Psychedelic Rock
Down the Sink;King Gizzard & the Lizard Wizard;2022-03-21T11:43:00.882Z;Psychedelic Rock
Muddy Water;King Gizzard & the Lizard Wizard;2022-03-21T11:42:58.973Z;Psychedelic Rock
Barefoot Desert;King Gizzard & the Lizard Wizard;2022-03-21T11:39:15.245Z;Psychedelic Rock
Greenhouse Heat Death;King Gizzard & the Lizard Wizard;2022-03-21T11:35:02.273Z;Psychedelic Rock
Beginner's Luck;King Gizzard & the Lizard Wizard;2022-03-21T11:30:55.344Z;Psychedelic Rock
Static Electricity;King Gizzard & the Lizard Wizard;2022-03-21T03:10:46.214Z;Psychedelic Rock
Supreme Ascendancy;King Gizzard & the Lizard Wizard;2022-03-21T03:07:06.037Z;Psychedelic Rock
Pleura;King Gizzard & the Lizard Wizard;2022-03-21T03:02:53.728Z;Psychedelic Rock
O.N.E.;King Gizzard & the Lizard Wizard;2022-03-21T02:56:11.058Z;Psychedelic Rock
If Not Now, Then When?;King Gizzard & the Lizard Wizard;2022-03-21T02:52:20.632Z;Psychedelic Rock
Pleura;King Gizzard & the Lizard Wizard;2022-03-21T02:52:18.807Z;Psychedelic Rock
Supreme Ascendancy;King Gizzard & the Lizard Wizard;2022-03-21T02:52:13.165Z;Psychedelic Rock
Self-Immolate;King Gizzard & the Lizard Wizard;2022-03-21T02:50:32.217Z;Psychedelic Rock
Organ Farmer;King Gizzard & the Lizard Wizard;2022-03-21T02:47:53.133Z;Psychedelic Rock
Static Electricity;King Gizzard & the Lizard Wizard;2022-03-21T02:34:12.563Z;Psychedelic Rock
East West Link;King Gizzard & the Lizard Wizard;2022-03-21T02:30:00.385Z;Psychedelic Rock
See Me;King Gizzard & the Lizard Wizard;2022-03-21T02:21:55.282Z;Psychedelic Rock
Ataraxia;King Gizzard & the Lizard Wizard;2022-03-21T02:16:39.116Z;Psychedelic Rock
The Hungry Wolf Of Fate;King Gizzard & the Lizard Wizard;2022-03-21T02:07:32.250Z;Psychedelic Rock
Honey;King Gizzard & the Lizard Wizard;2022-03-21T02:02:56.627Z;Psychedelic Rock
Oddlife;King Gizzard & the Lizard Wizard;2022-03-21T01:57:59.191Z;Psychedelic Rock
Intrasport;King Gizzard & the Lizard Wizard;2022-03-21T01:53:48.239Z;Psychedelic Rock
Some Of Us;King Gizzard & the Lizard Wizard;2022-03-21T01:45:55.307Z;Psychedelic Rock
Straws In The Wind;King Gizzard & the Lizard Wizard;2022-03-21T01:40:13.690Z;Psychedelic Rock
Minimum Brain Size;King Gizzard & the Lizard Wizard;2022-03-21T01:35:22.183Z;Psychedelic Rock
Automation;King Gizzard & the Lizard Wizard;2022-03-21T01:31:31.451Z;Psychedelic Rock
K.G.L.W.;King Gizzard & the Lizard Wizard;2022-03-21T01:29:54.340Z;Psychedelic Rock
Suspicious Waveforms;Thank You Scientist;2022-03-21T01:27:33.986Z;Progressive Rock
Rube Goldberg Variations;Thank You Scientist;2022-03-21T01:18:39.301Z;Progressive Rock
Gigglebutton;Thank You Scientist;2022-03-21T01:16:17.849Z;Progressive Rock
Swarm;Thank You Scientist;2022-03-21T01:08:34.164Z;Progressive Rock
Chromology;Thank You Scientist;2022-03-21T00:58:44.941Z;Progressive Rock
Wrinkle;Thank You Scientist;2022-03-21T00:58:33.996Z;Progressive Rock
Wasteland;Riverside;2022-03-21T00:53:31.203Z;Progressive Metal
River Down Below;Riverside;2022-03-21T00:52:52.370Z;Progressive Metal
The Struggle for Survival;Riverside;2022-03-21T00:43:26.294Z;Progressive Metal
Lament;Riverside;2022-03-20T13:04:29.090Z;Progressive Metal
Guardian Angel;Riverside;2022-03-20T13:04:17.898Z;Progressive Metal
Vale of Tears;Riverside;2022-03-20T12:59:29.505Z;Progressive Metal
Acid Rain;Riverside;2022-03-20T12:53:11.133Z;Progressive Metal
The Day After;Riverside;2022-03-20T12:51:31.290Z;Progressive Metal
Dependant on Mary;Psychedelic Porn Crumpets;2022-03-19T15:51:14.258Z;Psychedelic Rock
Coffee;Psychedelic Porn Crumpets;2022-03-19T15:47:54.437Z;Psychedelic Rock
Buzz;Psychedelic Porn Crumpets;2022-03-19T15:43:56.288Z;Psychedelic Rock
Move;Psychedelic Porn Crumpets;2022-03-19T15:39:25.319Z;Psychedelic Rock
Ergophobia;Psychedelic Porn Crumpets;2022-03-19T15:34:23.640Z;Psychedelic Rock
First Light in the Garden at Chipping;Psychedelic Porn Crumpets;2022-03-19T15:31:05.297Z;Psychedelic Rock
Gurzle;Psychedelic Porn Crumpets;2022-03-19T15:26:34.161Z;Psychedelic Rock
Nek;Psychedelic Porn Crumpets;2022-03-19T15:22:06.392Z;Psychedelic Rock
That Brahmatron Song;Closure In Moscow;2022-03-19T14:43:37.050Z;Progressive Rock
Seeds of Gold;Closure In Moscow;2022-03-19T14:39:55.450Z;Progressive Rock
Neoprene Byzantine;Closure In Moscow;2022-03-19T14:36:01.420Z;Progressive Rock
Pink Lemonade;Closure In Moscow;2022-03-19T14:27:47.425Z;Progressive Rock
The Fool;Closure In Moscow;2022-03-19T14:26:13.846Z;Progressive Rock
The Pimp and the Priest;The Dear Hunter;2022-03-18T00:55:06.489Z;Symphonic Rock
1878;The Dear Hunter;2022-03-18T00:28:11.648Z;Symphonic Rock
The Inquiry of Ms. Terri;The Dear Hunter;2022-03-18T00:22:53.010Z;Symphonic Rock
City Escape;The Dear Hunter;2022-03-18T00:15:18.551Z;Symphonic Rock
The Lake South;The Dear Hunter;2022-03-18T00:13:34.882Z;Symphonic Rock
Battesimo Del Fuoco;The Dear Hunter;2022-03-18T00:12:05.559Z;Symphonic Rock
Rosetta Stoned;TOOL;2022-03-17T16:35:52.446Z;Progressive Metal
Intension;TOOL;2022-03-17T16:15:49.037Z;Progressive Metal
Aspirations;Gentle Giant;2022-03-17T12:04:07.337Z;Progressive Rock
So Sincere;Gentle Giant;2022-03-17T12:00:16.287Z;Progressive Rock
Proclamation;Gentle Giant;2022-03-17T11:53:18.992Z;Progressive Rock
No God's a Man;Gentle Giant;2022-03-16T03:29:12.311Z;Progressive Rock
Cogs in Cogs;Gentle Giant;2022-03-16T03:26:03.194Z;Progressive Rock
Playing the Game;Gentle Giant;2022-03-16T03:19:22.630Z;Progressive Rock
Aspirations;Gentle Giant;2022-03-16T03:13:55.776Z;Progressive Rock
So Sincere;Gentle Giant;2022-03-16T03:10:04.586Z;Progressive Rock
Proclamation;Gentle Giant;2022-03-16T02:44:23.755Z;Progressive Rock
Everyday Ghosts;Thank You Scientist;2022-03-15T16:07:52.601Z;Progressive Rock
Birdwatching;Thank You Scientist;2022-03-15T16:01:17.176Z;Progressive Rock
Son of a Serpent;Thank You Scientist;2022-03-15T16:00:00.908Z;Progressive Rock
Swarm;Thank You Scientist;2022-03-15T11:52:44.856Z;Progressive Rock
Memories of Old Days (2012 Remaster);Gentle Giant;2022-03-15T02:23:50.562Z;Progressive Rock
Aspirations (Instrumental Outtake);Gentle Giant;2022-03-15T02:18:34.563Z;Progressive Rock
The Power and the Glory;Gentle Giant;2022-03-15T02:15:35.643Z;Progressive Rock
Valedictory;Gentle Giant;2022-03-15T02:12:13.735Z;Progressive Rock
The Face;Gentle Giant;2022-03-15T02:08:01.739Z;Progressive Rock
No God's a Man;Gentle Giant;2022-03-15T02:03:34.623Z;Progressive Rock
Cogs in Cogs;Gentle Giant;2022-03-15T02:00:25.669Z;Progressive Rock
Playing the Game;Gentle Giant;2022-03-15T01:53:42.469Z;Progressive Rock
Aspirations;Gentle Giant;2022-03-15T01:48:19.799Z;Progressive Rock
So Sincere;Gentle Giant;2022-03-15T01:42:09.923Z;Progressive Rock
Proclamation;Gentle Giant;2022-03-15T01:35:12.404Z;Progressive Rock
River (Steven Wilson Mix);Gentle Giant;2022-03-15T01:35:08.444Z;Progressive Rock
Think of Me with Kindness (Steven Wilson Mix);Gentle Giant;2022-03-15T01:31:33.151Z;Progressive Rock
Dog's Life (Steven Wilson Mix);Gentle Giant;2022-03-15T01:28:19.762Z;Progressive Rock
The Boys in the Band (Steven Wilson Mix);Gentle Giant;2022-03-15T01:23:44.350Z;Progressive Rock
Knots (Steven Wilson Mix);Gentle Giant;2022-03-15T01:19:19.464Z;Progressive Rock
A Cry for Everyone (Steven Wilson Mix);Gentle Giant;2022-03-15T01:17:45.868Z;Progressive Rock
Raconteur Troubadour (Steven Wilson Mix);Gentle Giant;2022-03-15T01:14:48.180Z;Progressive Rock
The Advent of Panurge (Steven Wilson Mix);Gentle Giant;2022-03-15T01:08:58.748Z;Progressive Rock
The Amateur Arsonist's Handbook;Thank You Scientist;2022-03-14T18:23:39.600Z;Progressive Rock
Psychopomp;Thank You Scientist;2022-03-14T18:13:46.002Z;Progressive Rock
It's Not Safe to Leave This House;Psychedelic Porn Crumpets;2022-03-14T18:10:22.509Z;Psychedelic Rock
Rube Goldberg Variations;Thank You Scientist;2022-03-14T18:04:52.394Z;Progressive Rock
November;Psychedelic Porn Crumpets;2022-03-14T17:58:08.956Z;Psychedelic Rock
Dependant on Mary;Psychedelic Porn Crumpets;2022-03-14T17:49:59.956Z;Psychedelic Rock
Coffee;Psychedelic Porn Crumpets;2022-03-14T17:46:40.656Z;Psychedelic Rock
Buzz;Psychedelic Porn Crumpets;2022-03-14T17:42:41.861Z;Psychedelic Rock
Move;Psychedelic Porn Crumpets;2022-03-14T17:38:11.060Z;Psychedelic Rock
Ergophobia;Psychedelic Porn Crumpets;2022-03-14T17:33:08.992Z;Psychedelic Rock
First Light in the Garden at Chipping;Psychedelic Porn Crumpets;2022-03-14T17:29:49.040Z;Psychedelic Rock
Gurzle;Psychedelic Porn Crumpets;2022-03-14T17:25:19.421Z;Psychedelic Rock
Nek;Psychedelic Porn Crumpets;2022-03-14T17:20:51.836Z;Psychedelic Rock
Planet B;King Gizzard & the Lizard Wizard;2022-03-13T01:27:48.644Z;Psychedelic Rock
Fishing For Fishies;King Gizzard & the Lizard Wizard;2022-03-13T01:27:31.899Z;Psychedelic Rock
Rattlesnake;King Gizzard & the Lizard Wizard;2022-03-13T01:27:19.579Z;Psychedelic Rock
The Humbling River;Puscifer;2022-03-13T00:37:26.491Z;Art Rock
November;Psychedelic Porn Crumpets;2022-03-13T00:30:37.866Z;Psychedelic Rock
It's Not Safe to Leave This House;Psychedelic Porn Crumpets;2022-03-13T00:27:16.190Z;Psychedelic Rock
Dependant on Mary;Psychedelic Porn Crumpets;2022-03-13T00:22:29.185Z;Psychedelic Rock
Coffee;Psychedelic Porn Crumpets;2022-03-13T00:19:09.256Z;Psychedelic Rock
Buzz;Psychedelic Porn Crumpets;2022-03-13T00:16:10.710Z;Psychedelic Rock
Ergophobia;Psychedelic Porn Crumpets;2022-03-13T00:14:32.952Z;Psychedelic Rock
The Line;The Dear Hunter;2022-03-12T02:40:23.550Z;Symphonic Rock
If All Goes Well;The Dear Hunter;2022-03-12T02:40:21.227Z;Symphonic Rock
King of Swords (Reversed);The Dear Hunter;2022-03-12T02:34:37.309Z;Symphonic Rock
The Bitter Suite Vi: Abandon;The Dear Hunter;2022-03-12T02:29:05.241Z;Symphonic Rock
The Bitter Suite IV and V: The Congregation and the Sermon in the Silt;The Dear Hunter;2022-03-12T02:23:24.732Z;Symphonic Rock
Is There Anybody Here?;The Dear Hunter;2022-03-12T02:12:06.151Z;Symphonic Rock
A Night on the Town;The Dear Hunter;2022-03-12T02:03:06.023Z;Symphonic Rock
Remembered;The Dear Hunter;2022-03-12T01:59:15.300Z;Symphonic Rock
At the End of the Earth;The Dear Hunter;2022-03-12T01:53:59.070Z;Symphonic Rock
Waves;The Dear Hunter;2022-03-12T01:49:47.182Z;Symphonic Rock
The Old Haunt;The Dear Hunter;2022-03-12T01:45:01.215Z;Symphonic Rock
Rebirth;The Dear Hunter;2022-03-12T01:42:10.197Z;Symphonic Rock
Life and Death;The Dear Hunter;2022-03-12T01:36:24.195Z;Symphonic Rock
Father;The Dear Hunter;2022-03-12T01:32:59.271Z;Symphonic Rock
Son;The Dear Hunter;2022-03-12T01:30:43.826Z;Symphonic Rock
Go Get Your Gun;The Dear Hunter;2022-03-12T01:27:27.301Z;Symphonic Rock
This Beautiful Life;The Dear Hunter;2022-03-12T01:23:22.395Z;Symphonic Rock
He Said He Had a Story;The Dear Hunter;2022-03-12T01:19:43.322Z;Symphonic Rock
Saved;The Dear Hunter;2022-03-12T01:15:01.890Z;Symphonic Rock
Mustard Gas;The Dear Hunter;2022-03-12T01:10:30.239Z;Symphonic Rock
The Thief;The Dear Hunter;2022-03-12T01:05:26.154Z;Symphonic Rock
The Poison Woman;The Dear Hunter;2022-03-12T01:00:34.599Z;Symphonic Rock
The Tank;The Dear Hunter;2022-03-12T00:56:44.514Z;Symphonic Rock
What It Means to Be Alone;The Dear Hunter;2022-03-12T00:55:42.641Z;Symphonic Rock
In Cauda Venenum;The Dear Hunter;2022-03-12T00:52:36.874Z;Symphonic Rock
Writing on a Wall;The Dear Hunter;2022-03-12T00:52:36.811Z;Symphonic Rock
Mr. Usher (On His Way to Town);The Dear Hunter;2022-03-11T22:31:08.230Z;Symphonic Rock
The Revival;The Dear Hunter;2022-03-11T22:22:31.119Z;Symphonic Rock
The Most Cursed of Hands / Who Am I;The Dear Hunter;2022-03-11T22:15:47.989Z;Symphonic Rock
Cascade;The Dear Hunter;2022-03-11T22:10:36.760Z;Symphonic Rock
The Moon / Awake;The Dear Hunter;2022-03-11T22:04:27.395Z;Symphonic Rock
Regress;The Dear Hunter;2022-03-11T22:03:43.703Z;Symphonic Rock
Ouroboros;The Dear Hunter;2022-03-11T22:01:34.039Z;Symphonic Rock
Wait;The Dear Hunter;2022-03-11T21:58:12.904Z;Symphonic Rock
The Squeaky Wheel;The Dear Hunter;2022-03-11T21:29:16.074Z;Symphonic Rock
Writing On A Wall;The Dear Hunter;2022-03-11T20:50:59.319Z;Symphonic Rock
City Escape;The Dear Hunter;2022-03-11T20:50:57.490Z;Symphonic Rock
Happy Days;Closure In Moscow;2022-03-11T17:17:38.164Z;Progressive Rock
Beckon Fire;Closure In Moscow;2022-03-11T17:13:36.335Z;Progressive Rock
Mauerbauertraurigkeit;Closure In Moscow;2022-03-11T16:59:24.387Z;Progressive Rock
Dinosaur Boss Battle;Closure In Moscow;2022-03-11T16:53:03.683Z;Progressive Rock
That Brahmatron Song;Closure In Moscow;2022-03-11T16:43:34.231Z;Progressive Rock
Seeds of Gold;Closure In Moscow;2022-03-11T16:39:52.032Z;Progressive Rock
Neoprene Byzantine;Closure In Moscow;2022-03-11T16:35:57.910Z;Progressive Rock
Pink Lemonade;Closure In Moscow;2022-03-11T16:27:43.907Z;Progressive Rock
The Fool;Closure In Moscow;2022-03-11T16:26:10.225Z;Progressive Rock
Firelight;Caligula's Horse;2022-03-11T16:23:13.154Z;Progressive Metal
Marigold;Caligula's Horse;2022-03-11T16:16:53.423Z;Progressive Metal
Bloom;Caligula's Horse;2022-03-11T16:13:37.797Z;Progressive Metal
Dragonfly;Caligula's Horse;2022-03-11T01:58:40.063Z;Progressive Metal
Firelight;Caligula's Horse;2022-03-11T01:54:01.218Z;Progressive Metal
Marigold;Caligula's Horse;2022-03-11T01:47:41.230Z;Progressive Metal
Bloom;Caligula's Horse;2022-03-11T01:44:25.074Z;Progressive Metal
The Thief;The Dear Hunter;2022-03-11T00:41:05.354Z;Symphonic Rock
The Poison Woman;The Dear Hunter;2022-03-11T00:36:13.582Z;Symphonic Rock
The Tank;The Dear Hunter;2022-03-11T00:36:11.684Z;Symphonic Rock
What It Means to Be Alone;The Dear Hunter;2022-03-11T00:36:08.613Z;Symphonic Rock
In Cauda Venenum;The Dear Hunter;2022-03-11T00:35:56.717Z;Symphonic Rock
Writing on a Wall;The Dear Hunter;2022-03-11T00:35:55.569Z;Symphonic Rock
Vital Vessals Vindicate;The Dear Hunter;2022-03-11T00:35:53.887Z;Symphonic Rock
Black Sandy Beaches;The Dear Hunter;2022-03-11T00:35:52.675Z;Symphonic Rock
Dear Ms. Leading;The Dear Hunter;2022-03-11T00:35:39.848Z;Symphonic Rock
Where the Road Parts;The Dear Hunter;2022-03-11T00:35:38.176Z;Symphonic Rock
Blood of the Rose;The Dear Hunter;2022-03-11T00:35:35.019Z;Symphonic Rock
Evicted;The Dear Hunter;2022-03-11T00:35:33.166Z;Symphonic Rock
Smiling Swine;The Dear Hunter;2022-03-11T00:35:30.347Z;Symphonic Rock
The Bitter Suite III: Embrace;The Dear Hunter;2022-03-11T00:35:26.442Z;Symphonic Rock
The Bitter Suite I and II: Meeting Ms. Leading and Through the Dime;The Dear Hunter;2022-03-11T00:35:24.700Z;Symphonic Rock
The Church and the Dime;The Dear Hunter;2022-03-11T00:35:15.853Z;Symphonic Rock
The Oracles on the Delphi Express;The Dear Hunter;2022-03-11T00:34:56.629Z;Symphonic Rock
The Lake and the River;The Dear Hunter;2022-03-11T00:34:53.224Z;Symphonic Rock
The Procession;The Dear Hunter;2022-03-11T00:34:47.592Z;Symphonic Rock
The Death and the Berth;The Dear Hunter;2022-03-11T00:34:46.582Z;Symphonic Rock
The River North;The Dear Hunter;2022-03-11T00:34:46.092Z;Symphonic Rock
His Hands Matched His Tongue;The Dear Hunter;2022-03-11T00:34:44.365Z;Symphonic Rock
The Pimp and the Priest;The Dear Hunter;2022-03-11T00:34:08.008Z;Symphonic Rock
The Inquiry of Ms. Terri;The Dear Hunter;2022-03-11T00:33:59.286Z;Symphonic Rock
City Escape;The Dear Hunter;2022-03-11T00:33:52.243Z;Symphonic Rock
1878;The Dear Hunter;2022-03-11T00:33:04.743Z;Symphonic Rock
The Lake South;The Dear Hunter;2022-03-11T00:33:01.530Z;Symphonic Rock
The Squeaky Wheel;The Dear Hunter;2022-03-11T00:30:15.528Z;Symphonic Rock
The Bitter Suite IV and V: The Congregation and the Sermon in the Silt;The Dear Hunter;2022-03-11T00:30:15.528Z;Symphonic Rock
Is There Anybody Here?;The Dear Hunter;2022-03-11T00:23:29.381Z;Symphonic Rock
A Night on the Town;The Dear Hunter;2022-03-11T00:22:33.244Z;Symphonic Rock
Remembered;The Dear Hunter;2022-03-11T00:17:45.957Z;Symphonic Rock
At the End of the Earth;The Dear Hunter;2022-03-11T00:12:29.009Z;Symphonic Rock
Waves;The Dear Hunter;2022-03-11T00:10:42.745Z;Symphonic Rock
The Old Haunt;The Dear Hunter;2022-03-11T00:06:06.766Z;Symphonic Rock
Rebirth;The Dear Hunter;2022-03-11T00:00:50.063Z;Symphonic Rock
Opiate²;TOOL;2022-03-10T23:58:47.798Z;Progressive Metal
Panic Attack;Dream Theater;2022-03-10T23:53:48.355Z;Progressive Metal
Hourglass;A Perfect Circle;2022-03-10T23:46:54.331Z;Progressive Rock
DLB;A Perfect Circle;2022-03-10T23:44:47.012Z;Progressive Rock
Delicious;A Perfect Circle;2022-03-10T23:44:38.690Z;Progressive Rock
By And Down The River;A Perfect Circle;2022-03-10T23:44:38.644Z;Progressive Rock
TalkTalk;A Perfect Circle;2022-03-10T23:44:38.598Z;Progressive Rock
So Long, And Thanks For All The Fish;A Perfect Circle;2022-03-10T23:44:38.584Z;Progressive Rock
The Doomed;A Perfect Circle;2022-03-10T23:39:23.239Z;Progressive Rock
The Contrarian;A Perfect Circle;2022-03-10T23:35:24.508Z;Progressive Rock
Disillusioned;A Perfect Circle;2022-03-10T23:29:30.705Z;Progressive Rock
Eat The Elephant;A Perfect Circle;2022-03-10T23:24:16.230Z;Progressive Rock
Shiny Eyed Babies;Bent Knee;2022-03-10T23:23:29.278Z;Art Rock
Wind Below;Rage Against the Machine;2022-03-10T17:28:36.308Z;Rap Metal
Year of tha Boomerang;Rage Against the Machine;2022-03-10T17:23:18.637Z;Rap Metal
Roll Right;Rage Against the Machine;2022-03-10T17:18:58.736Z;Rap Metal
Without a Face;Rage Against the Machine;2022-03-10T17:12:24.414Z;Rap Metal
Down Rodeo;Rage Against the Machine;2022-03-10T17:12:22.672Z;Rap Metal
Snakecharmer;Rage Against the Machine;2022-03-10T17:12:19.165Z;Rap Metal
Revolver;Rage Against the Machine;2022-03-10T17:12:18.436Z;Rap Metal
Vietnow;Rage Against the Machine;2022-03-10T17:12:17.237Z;Rap Metal
Bulls On Parade;Rage Against the Machine;2022-03-10T17:12:14.737Z;Rap Metal
People of the Sun;Rage Against the Machine;2022-03-10T17:09:43.310Z;Rap Metal
Vacant;Dream Theater;2022-03-10T17:09:17.260Z;Progressive Metal
Honor Thy Father;Dream Theater;2022-03-10T16:59:03.799Z;Progressive Metal
Beckon Fire;Closure In Moscow;2022-03-10T16:59:00.393Z;Progressive Rock
The Church of The Technochrist;Closure In Moscow;2022-03-10T16:50:31.742Z;Progressive Rock
Mauerbauertraurigkeit;Closure In Moscow;2022-03-10T16:43:06.831Z;Progressive Rock
Dinosaur Boss Battle;Closure In Moscow;2022-03-10T16:36:45.226Z;Progressive Rock
That Brahmatron Song;Closure In Moscow;2022-03-10T16:27:15.217Z;Progressive Rock
Seeds of Gold;Closure In Moscow;2022-03-10T16:23:33.836Z;Progressive Rock
Neoprene Byzantine;Closure In Moscow;2022-03-10T16:19:39.478Z;Progressive Rock
Pink Lemonade;Closure In Moscow;2022-03-10T16:11:25.526Z;Progressive Rock
The Fool;Closure In Moscow;2022-03-10T16:10:00.912Z;Progressive Rock
Seeds of Gold;Closure In Moscow;2022-03-09T02:03:37.930Z;Progressive Rock
Neoprene Byzantine;Closure In Moscow;2022-03-09T01:59:22.127Z;Progressive Rock
Pink Lemonade;Closure In Moscow;2022-03-09T01:51:08.022Z;Progressive Rock
The Fool;Closure In Moscow;2022-03-09T01:49:34.539Z;Progressive Rock
Democratic Chorale;Bent Knee;2022-03-09T00:32:07.726Z;Art Rock
Sunshine;Bent Knee;2022-03-09T00:26:48.092Z;Art Rock
Untitled;Bent Knee;2022-03-09T00:24:48.751Z;Art Rock
Battle Creek;Bent Knee;2022-03-09T00:19:06.230Z;Art Rock
I'm Still Here;Bent Knee;2022-03-09T00:08:40.623Z;Art Rock
In God We Trust;Bent Knee;2022-03-09T00:03:34.936Z;Art Rock
Shiny Eyed Babies;Bent Knee;2022-03-09T00:01:35.643Z;Art Rock
Way Too Long;Bent Knee;2022-03-08T23:52:24.853Z;Art Rock
The Squeaky Wheel;The Dear Hunter;2022-03-08T17:59:24.370Z;Symphonic Rock
Is There Anybody Here?;The Dear Hunter;2022-03-08T17:52:41.021Z;Symphonic Rock
A Night on the Town;The Dear Hunter;2022-03-08T17:43:21.338Z;Symphonic Rock
At the End of the Earth;The Dear Hunter;2022-03-08T17:38:16.382Z;Symphonic Rock
The Old Haunt;The Dear Hunter;2022-03-08T16:55:35.082Z;Symphonic Rock
Rebirth;The Dear Hunter;2022-03-08T16:52:43.408Z;Symphonic Rock
Cyboogie;King Gizzard & the Lizard Wizard;2022-03-08T16:46:18.199Z;Psychedelic Rock
Acarine;King Gizzard & the Lizard Wizard;2022-03-08T16:40:54.097Z;Psychedelic Rock
This Thing;King Gizzard & the Lizard Wizard;2022-03-08T16:36:54.167Z;Psychedelic Rock
Real's Not Real;King Gizzard & the Lizard Wizard;2022-03-08T16:33:13.533Z;Psychedelic Rock
The Cruel Millennial;King Gizzard & the Lizard Wizard;2022-03-08T16:28:16.703Z;Psychedelic Rock
Plastic Boogie;King Gizzard & the Lizard Wizard;2022-03-08T16:25:22.894Z;Psychedelic Rock
Rattlesnake;King Gizzard & the Lizard Wizard;2022-03-08T16:24:43.508Z;Psychedelic Rock
Regress;The Dear Hunter;2022-03-07T17:06:35.593Z;Symphonic Rock
Ouroboros;The Dear Hunter;2022-03-07T17:00:50.252Z;Symphonic Rock
Wait;The Dear Hunter;2022-03-07T16:57:29.347Z;Symphonic Rock
The Line;The Dear Hunter;2022-03-07T16:53:52.410Z;Symphonic Rock
If All Goes Well;The Dear Hunter;2022-03-07T16:49:11.433Z;Symphonic Rock
King of Swords (Reversed);The Dear Hunter;2022-03-07T16:44:03.777Z;Symphonic Rock
The Bitter Suite Vi: Abandon;The Dear Hunter;2022-03-07T16:38:31.885Z;Symphonic Rock
The Bitter Suite IV and V: The Congregation and the Sermon in the Silt;The Dear Hunter;2022-03-07T16:32:44.187Z;Symphonic Rock
The Squeaky Wheel;The Dear Hunter;2022-03-07T16:28:18.288Z;Symphonic Rock
Is There Anybody Here?;The Dear Hunter;2022-03-07T16:21:08.784Z;Symphonic Rock
A Night on the Town;The Dear Hunter;2022-03-07T16:11:48.036Z;Symphonic Rock
Remembered;The Dear Hunter;2022-03-07T16:07:59.095Z;Symphonic Rock
At the End of the Earth;The Dear Hunter;2022-03-07T16:02:41.155Z;Symphonic Rock
Waves;The Dear Hunter;2022-03-07T15:58:29.430Z;Symphonic Rock
The Old Haunt;The Dear Hunter;2022-03-07T15:53:53.637Z;Symphonic Rock
Rebirth;The Dear Hunter;2022-03-07T15:51:01.355Z;Symphonic Rock
Cyboogie;King Gizzard & the Lizard Wizard;2022-03-07T12:32:05.143Z;Psychedelic Rock
Acarine;King Gizzard & the Lizard Wizard;2022-03-07T12:26:40.827Z;Psychedelic Rock
This Thing;King Gizzard & the Lizard Wizard;2022-03-07T12:22:39.787Z;Psychedelic Rock
Real's Not Real;King Gizzard & the Lizard Wizard;2022-03-07T12:15:26.321Z;Psychedelic Rock
The Cruel Millennial;King Gizzard & the Lizard Wizard;2022-03-07T12:10:29.255Z;Psychedelic Rock
Plastic Boogie;King Gizzard & the Lizard Wizard;2022-03-07T12:07:25.703Z;Psychedelic Rock
Money Shot;Puscifer;2022-03-07T12:06:19.701Z;Art Rock
Simultaneous;Puscifer;2022-03-07T11:59:37.997Z;Art Rock
Grand Canyon;Puscifer;2022-03-07T11:53:53.352Z;Art Rock
Agostina;Puscifer;2022-03-07T11:49:15.723Z;Art Rock
Galileo;Puscifer;2022-03-07T11:43:57.142Z;Art Rock
Octavarium;Dream Theater;2022-03-07T11:17:58.239Z;Progressive Metal
Sunshine;Bent Knee;2022-03-07T02:46:10.854Z;Art Rock
Untitled;Bent Knee;2022-03-07T02:44:10.934Z;Art Rock
Battle Creek;Bent Knee;2022-03-07T02:38:28.865Z;Art Rock
Dead Horse;Bent Knee;2022-03-07T02:32:45.733Z;Art Rock
I'm Still Here;Bent Knee;2022-03-07T02:27:36.432Z;Art Rock
In God We Trust;Bent Knee;2022-03-07T02:22:15.648Z;Art Rock
Dry;Bent Knee;2022-03-07T02:16:08.705Z;Art Rock
Way Too Long;Bent Knee;2022-03-07T02:11:09.576Z;Art Rock
Shiny Eyed Babies;Bent Knee;2022-03-07T02:09:49.854Z;Art Rock
Queer Gods;Bent Knee;2022-03-07T02:03:50.674Z;Art Rock
Queer Gods;Bent Knee;2022-03-07T02:00:30.843Z;Art Rock
Greenhouse Heat Death;King Gizzard & the Lizard Wizard;2022-03-07T01:57:05.921Z;Psychedelic Rock
Beginner's Luck;King Gizzard & the Lizard Wizard;2022-03-07T01:52:40.071Z;Psychedelic Rock
You Lied;TOOL;2022-03-07T01:52:16.626Z;Progressive Metal
No Quarter;TOOL;2022-03-07T01:49:53.382Z;Progressive Metal
Pink Lemonade;Closure In Moscow;2022-03-07T01:45:26.202Z;Progressive Rock
The Fool;Closure In Moscow;2022-03-07T01:41:58.289Z;Progressive Rock
Opiate²;TOOL;2022-03-07T01:40:40.638Z;Progressive Metal
Microphone Fiend;Rage Against the Machine;2022-03-07T01:40:06.736Z;Rap Metal
The Flame (Is Gone);The Dear Hunter;2022-03-07T01:27:22.906Z;Symphonic Rock
Gloria;The Dear Hunter;2022-03-07T01:22:05.201Z;Symphonic Rock
The Haves Have Naught;The Dear Hunter;2022-03-07T01:17:30.423Z;Symphonic Rock
Mr. Usher (On His Way to Town);The Dear Hunter;2022-03-07T01:12:31.388Z;Symphonic Rock
Melpomene;The Dear Hunter;2022-03-07T01:08:16.733Z;Symphonic Rock
The Revival;The Dear Hunter;2022-03-07T01:03:16.014Z;Symphonic Rock
Cascade;The Dear Hunter;2022-03-07T01:02:03.344Z;Symphonic Rock
The Most Cursed of Hands / Who Am I;The Dear Hunter;2022-03-07T00:56:34.451Z;Symphonic Rock
The Moon / Awake;The Dear Hunter;2022-03-07T00:42:16.906Z;Symphonic Rock
Regress;The Dear Hunter;2022-03-07T00:40:54.435Z;Symphonic Rock
Seeds of Gold;Closure In Moscow;2022-03-06T21:27:39.585Z;Progressive Rock
Neoprene Byzantine;Closure In Moscow;2022-03-06T21:23:45.192Z;Progressive Rock
Plague Accommodations;Thank You Scientist;2022-03-04T16:18:37.658Z;Progressive Rock
Soul Diver;Thank You Scientist;2022-03-04T16:11:46.013Z;Progressive Rock
Creature Comfort;Thank You Scientist;2022-03-04T16:06:15.937Z;Progressive Rock
Gigglebutton;Thank You Scientist;2022-03-04T16:04:18.960Z;Progressive Rock
Soul Diver;Thank You Scientist;2022-03-04T01:13:17.589Z;Progressive Rock
Creature Comfort;Thank You Scientist;2022-03-04T01:07:47.172Z;Progressive Rock
Gigglebutton;Thank You Scientist;2022-03-04T01:05:51.055Z;Progressive Rock
Terraformer;Thank You Scientist;2022-03-04T01:05:50.422Z;Progressive Rock
Plague Accommodations;Thank You Scientist;2022-03-04T01:05:45.873Z;Progressive Rock
Thank You Scientist - Party All the Time (OFFICIAL MUSIC VIDEO);Thank You Scientist;2022-03-04T01:05:05.186Z;Progressive Rock
Life of Vermin;Thank You Scientist;2022-03-03T20:14:30.050Z;Progressive Rock
Geronimo;Thank You Scientist;2022-03-03T20:08:15.203Z;Progressive Rock
Chromology;Thank You Scientist;2022-03-03T19:58:00.960Z;Progressive Rock
Everyday Ghosts;Thank You Scientist;2022-03-03T19:46:37.606Z;Progressive Rock
Birdwatching;Thank You Scientist;2022-03-03T19:42:56.796Z;Progressive Rock
Son of a Serpent;Thank You Scientist;2022-03-03T19:34:49.952Z;Progressive Rock
Swarm;Thank You Scientist;2022-03-03T19:28:25.082Z;Progressive Rock
FXMLDR;Thank You Scientist;2022-03-03T19:20:29.341Z;Progressive Rock
Wrinkle;Thank You Scientist;2022-03-03T19:17:57.077Z;Progressive Rock
