Title;Artist;Genre;Duration(s);Duration(m)
Sammy Jammy;Sam Greenfield;Jazz;260;4.33
Snake Charmer;Sam Greenfield;Jazz;56;0.93
Check Your DMs;Sam Greenfield;Jazz;198;3.3
Doggie Bello (feat. Augie Bello);Sam Greenfield;Jazz;225;3.75
Kidz Bop (feat. Jon Lampley);Sam Greenfield;Jazz;299;4.98
Just One Of Those Days;Sam Greenfield;Jazz;203;3.38
Chips & Dip;Sam Greenfield;Jazz;61;1.02
In The Clouds;Sam Greenfield;Jazz;199;3.32
Mom & Dad;Sam Greenfield;Jazz;213;3.55
Simulation;Sam Greenfield;Jazz;49;0.82
Homeroom Crush (feat. Mark Lettieri);Sam Greenfield;Jazz;279;4.65
Shep's Fitness Assessment;We Used to Cut the Grass;Jazz Fusion;256;4.27
Shep's Enthusiasm;We Used to Cut the Grass;Jazz Fusion;171;2.85
Shep's Mishap;We Used to Cut the Grass;Jazz Fusion;257;4.28
Shep's Anxiety;We Used to Cut the Grass;Jazz Fusion;300;5.0
Shep's Nightcap;We Used to Cut the Grass;Jazz Fusion;311;5.18
Shep's Lounge;We Used to Cut the Grass;Jazz Fusion;488;8.13
DEVO Variations;We Used to Cut the Grass;Jazz Fusion;264;4.4
Visitors Pomp II;We Used to Cut the Grass;Jazz Fusion;121;2.02
Visitors Pomp I;We Used to Cut the Grass;Jazz Fusion;299;4.98
Woodpecker;We Used to Cut the Grass;Jazz Fusion;451;7.52
Lay Down Scully;We Used to Cut the Grass;Jazz Fusion;474;7.9
The Fourth Colour;King Gizzard & the Lizard Wizard;Psychedelic Rock;372;6.2
Searching…;King Gizzard & the Lizard Wizard;Psychedelic Rock;183;3.05
Tetrachromacy;King Gizzard & the Lizard Wizard;Psychedelic Rock;210;3.5
Horology;King Gizzard & the Lizard Wizard;Psychedelic Rock;172;2.87
Loyalty;King Gizzard & the Lizard Wizard;Psychedelic Rock;218;3.63
Inner Cell;King Gizzard & the Lizard Wizard;Psychedelic Rock;235;3.92
Deserted Dunes Welcome Weary Feet;King Gizzard & the Lizard Wizard;Psychedelic Rock;213;3.55
The Castle In The Air;King Gizzard & the Lizard Wizard;Psychedelic Rock;167;2.78
Polygondwanaland;King Gizzard & the Lizard Wizard;Psychedelic Rock;212;3.53
Crumbling Castle;King Gizzard & the Lizard Wizard;Progressive Metal;644;10.73
2.02 Killer Year;King Gizzard & the Lizard Wizard;Psychedelic Rock;199;3.32
Catching Smoke;King Gizzard & the Lizard Wizard;Psychedelic Rock;389;6.48
Interior People;King Gizzard & the Lizard Wizard;Psychedelic Rock;316;5.27
Blue Morpho;King Gizzard & the Lizard Wizard;Psychedelic Rock;231;3.85
Dreams;King Gizzard & the Lizard Wizard;Psychedelic Rock;245;4.08
Shanghai;King Gizzard & the Lizard Wizard;Psychedelic Rock;241;4.02
Yours;King Gizzard & the Lizard Wizard;Psychedelic Rock;276;4.6
See Me;King Gizzard & the Lizard Wizard;Psychedelic Rock;245;4.08
Ataraxia;King Gizzard & the Lizard Wizard;Psychedelic Rock;318;5.3
East West Link;King Gizzard & the Lizard Wizard;Psychedelic Rock;189;3.15
Static Electricity;King Gizzard & the Lizard Wizard;Psychedelic Rock;350;5.83
Supreme Ascendancy;King Gizzard & the Lizard Wizard;Psychedelic Rock;220;3.67
Pleura;King Gizzard & the Lizard Wizard;Psychedelic Rock;252;4.2
O.N.E.;King Gizzard & the Lizard Wizard;Psychedelic Rock;221;3.68
If Not Now, Then When?;King Gizzard & the Lizard Wizard;Psychedelic Rock;229;3.82
Flying Microtonal Banana;King Gizzard & the Lizard Wizard;Psychedelic Rock;154;2.57
Nuclear Fusion;King Gizzard & the Lizard Wizard;Psychedelic Rock;255;4.25
Doom City;King Gizzard & the Lizard Wizard;Psychedelic Rock;194;3.23
Anoxia;King Gizzard & the Lizard Wizard;Psychedelic Rock;184;3.07
Billabong Valley;King Gizzard & the Lizard Wizard;Psychedelic Rock;214;3.57
Sleep Drifter;King Gizzard & the Lizard Wizard;Psychedelic Rock;284;4.73
Open Water;King Gizzard & the Lizard Wizard;Psychedelic Rock;433;7.22
Melting;King Gizzard & the Lizard Wizard;Psychedelic Rock;327;5.45
Rattlesnake;King Gizzard & the Lizard Wizard;Psychedelic Rock;468;7.8
I'm Sleepin' In;King Gizzard & the Lizard Wizard;Psychedelic Rock;180;3.0
All Is Known;King Gizzard & the Lizard Wizard;Psychedelic Rock;214;3.57
The Last Oasis;King Gizzard & the Lizard Wizard;Psychedelic Rock;214;3.57
The Great Chain of Being;King Gizzard & the Lizard Wizard;Psychedelic Rock;290;4.83
Down the Sink;King Gizzard & the Lizard Wizard;Psychedelic Rock;239;3.98
Superposition;King Gizzard & the Lizard Wizard;Psychedelic Rock;215;3.58
Muddy Water;King Gizzard & the Lizard Wizard;Psychedelic Rock;218;3.63
Barefoot Desert;King Gizzard & the Lizard Wizard;Psychedelic Rock;223;3.72
Greenhouse Heat Death;King Gizzard & the Lizard Wizard;Psychedelic Rock;253;4.22
Beginner's Luck;King Gizzard & the Lizard Wizard;Psychedelic Rock;265;4.42
This Thing;King Gizzard & the Lizard Wizard;Psychedelic Rock;240;4.0
Real's Not Real;King Gizzard & the Lizard Wizard;Psychedelic Rock;221;3.68
The Cruel Millennial;King Gizzard & the Lizard Wizard;Psychedelic Rock;297;4.95
Plastic Boogie;King Gizzard & the Lizard Wizard;Psychedelic Rock;184;3.07
Fishing For Fishies;King Gizzard & the Lizard Wizard;Psychedelic Rock;302;5.03
Cyboogie;King Gizzard & the Lizard Wizard;Psychedelic Rock;409;6.82
Acarine;King Gizzard & the Lizard Wizard;Psychedelic Rock;325;5.42
Self-Immolate;King Gizzard & the Lizard Wizard;Psychedelic Rock;269;4.48
Organ Farmer;King Gizzard & the Lizard Wizard;Psychedelic Rock;160;2.67
Planet B;King Gizzard & the Lizard Wizard;Psychedelic Rock;237;3.95
The Hungry Wolf Of Fate;King Gizzard & the Lizard Wizard;Psychedelic Rock;308;5.13
Honey;King Gizzard & the Lizard Wizard;Psychedelic Rock;274;4.57
Oddlife;King Gizzard & the Lizard Wizard;Psychedelic Rock;298;4.97
Intrasport;King Gizzard & the Lizard Wizard;Psychedelic Rock;253;4.22
Some Of Us;King Gizzard & the Lizard Wizard;Psychedelic Rock;233;3.88
Straws In The Wind;King Gizzard & the Lizard Wizard;Psychedelic Rock;342;5.7
Minimum Brain Size;King Gizzard & the Lizard Wizard;Psychedelic Rock;259;4.32
Automation;King Gizzard & the Lizard Wizard;Psychedelic Rock;210;3.5
K.G.L.W.;King Gizzard & the Lizard Wizard;Psychedelic Rock;97;1.62
The Bird Song;King Gizzard & the Lizard Wizard;Psychedelic Rock;265;4.42
The Dripping Tap;King Gizzard & the Lizard Wizard;Psychedelic Rock;1098;18.3
Magenta Mountain;King Gizzard & the Lizard Wizard;Psychedelic Rock;365;6.08
Boogieman Sam;King Gizzard & the Lizard Wizard;Psychedelic Rock;282;4.7
Ontology;King Gizzard & the Lizard Wizard;Psychedelic Rock;239;3.98
Vacant;Dream Theater;Progressive Metal;177;2.95
Honor Thy Father;Dream Theater;Progressive Metal;612;10.2
Octavarium;Dream Theater;Progressive Metal;1440;24.0
Panic Attack;Dream Theater;Progressive Metal;437;7.28
November;Psychedelic Porn Crumpets;Psychedelic Rock;409;6.82
It's Not Safe to Leave This House;Psychedelic Porn Crumpets;Psychedelic Rock;202;3.37
Dependant on Mary;Psychedelic Porn Crumpets;Psychedelic Rock;288;4.8
Coffee;Psychedelic Porn Crumpets;Psychedelic Rock;201;3.35
Buzz;Psychedelic Porn Crumpets;Psychedelic Rock;239;3.98
Move;Psychedelic Porn Crumpets;Psychedelic Rock;272;4.53
Ergophobia;Psychedelic Porn Crumpets;Psychedelic Rock;302;5.03
First Light in the Garden at Chipping;Psychedelic Porn Crumpets;Psychedelic Rock;201;3.35
Gurzle;Psychedelic Porn Crumpets;Psychedelic Rock;270;4.5
Nek;Psychedelic Porn Crumpets;Psychedelic Rock;267;4.45
Beep Box;Snarky Puppy;Jazz;241;4.02
Grown Folks;Snarky Puppy;Jazz;477;7.95
Gemini;Snarky Puppy;Jazz;315;5.25
Semente;Snarky Puppy;Jazz;431;7.18
Tarova;Snarky Puppy;Jazz;219;3.65
Creature;The Tea Club;Progressive Rock;1665;27.75
Sinking Ship;The Tea Club;Progressive Rock;197;3.28
Came at a Loss;The Tea Club;Progressive Rock;259;4.32
Rivermen;The Tea Club;Progressive Rock;395;6.58
If I Mean When;The Tea Club;Progressive Rock;261;4.35
Say Yes;The Tea Club;Progressive Rock;252;4.2
The Way You Call;The Tea Club;Progressive Rock;159;2.65
Need More Input;Thank You Scientist;Progressive Rock;466;7.77
Blue Automatic;Thank You Scientist;Progressive Rock;340;5.67
A Wolf in Cheap Clothing;Thank You Scientist;Progressive Rock;403;6.72
Mr. Invisible;Thank You Scientist;Progressive Rock;455;7.58
Caverns;Thank You Scientist;Progressive Rock;426;7.1
The Somnambulist;Thank You Scientist;Progressive Rock;332;5.53
Prologue: A Faint Applause...;Thank You Scientist;Progressive Rock;122;2.03
My Famed Disappearing Act;Thank You Scientist;Progressive Rock;343;5.72
In the Company of Worms;Thank You Scientist;Progressive Rock;346;5.77
Concrete Swan Dive;Thank You Scientist;Progressive Rock;350;5.83
Carnival;Thank You Scientist;Progressive Rock;393;6.55
Suspicious Waveforms;Thank You Scientist;Progressive Rock;393;6.55
Absentee;Thank You Scientist;Progressive Rock;361;6.02
Blood on the Radio;Thank You Scientist;Progressive Rock;563;9.38
A Salesman's Guide to Non-Existence;Thank You Scientist;Progressive Rock;306;5.1
Feed the Horses;Thank You Scientist;Progressive Rock;388;6.47
Prelude;Thank You Scientist;Progressive Rock;73;1.22
Gemini;Thank You Scientist;Progressive Rock;434;7.23
Make Like a Tree (Get Out);Thank You Scientist;Progressive Rock;326;5.43
Thank You Scientist - Party All the Time (OFFICIAL MUSIC VIDEO);Thank You Scientist;Progressive Rock;276;4.6
Plague Accommodations;Thank You Scientist;Progressive Rock;363;6.05
Soul Diver;Thank You Scientist;Progressive Rock;412;6.87
Creature Comfort;Thank You Scientist;Progressive Rock;331;5.52
Gigglebutton;Thank You Scientist;Progressive Rock;116;1.93
Leave Your Light On;Thank You Scientist;Progressive Rock;356;5.93
Abandonship;Thank You Scientist;Progressive Rock;326;5.43
Grin;Thank You Scientist;Progressive Rock;317;5.28
The Amateur Arsonist's Handbook;Thank You Scientist;Progressive Rock;364;6.07
Swarm;Thank You Scientist;Progressive Rock;384;6.4
FXMLDR;Thank You Scientist;Progressive Rock;476;7.93
Wrinkle;Thank You Scientist;Progressive Rock;152;2.53
Rube Goldberg Variations;Thank You Scientist;Progressive Rock;533;8.88
Chromology;Thank You Scientist;Progressive Rock;588;9.8
Everyday Ghosts;Thank You Scientist;Progressive Rock;603;10.05
Birdwatching;Thank You Scientist;Progressive Rock;221;3.68
Son of a Serpent;Thank You Scientist;Progressive Rock;486;8.1
Psychopomp;Thank You Scientist;Progressive Rock;566;9.43
Terraformer;Thank You Scientist;Progressive Rock;487;8.12
Life of Vermin;Thank You Scientist;Progressive Rock;491;8.18
Geronimo;Thank You Scientist;Progressive Rock;375;6.25
Epilogue: ... and the Clever Depart;Thank You Scientist;Progressive Rock;66;1.1
The Things You Love;Bent Knee;Art Rock;373;6.22
Interlude;Bent Knee;Art Rock;50;0.83
Eve;Bent Knee;Art Rock;553;9.22
Counselor;Bent Knee;Art Rock;351;5.85
Leak Water;Bent Knee;Art Rock;282;4.7
Black Tar Water;Bent Knee;Art Rock;210;3.5
I'm Still Here;Bent Knee;Art Rock;308;5.13
In God We Trust;Bent Knee;Art Rock;320;5.33
Dry;Bent Knee;Art Rock;366;6.1
Way Too Long;Bent Knee;Art Rock;298;4.97
Shiny Eyed Babies;Bent Knee;Art Rock;79;1.32
Skin;Bent Knee;Art Rock;358;5.97
Good Girl;Bent Knee;Art Rock;400;6.67
Hands Up;Bent Knee;Art Rock;341;5.68
Commercial;Bent Knee;Art Rock;225;3.75
Nakami;Bent Knee;Art Rock;320;5.33
Democratic Chorale;Bent Knee;Art Rock;102;1.7
Sunshine;Bent Knee;Art Rock;319;5.32
Untitled;Bent Knee;Art Rock;120;2.0
Battle Creek;Bent Knee;Art Rock;342;5.7
Dead Horse;Bent Knee;Art Rock;317;5.28
Queer Gods;Bent Knee;Art Rock;236;3.93
Through The Desert Alone;Circa Survive;Progressive Rock;247;4.12
Get Out;Circa Survive;Progressive Rock;185;3.08
Strange Terrain;Circa Survive;Progressive Rock;239;3.98
Excerpts from Octopus (Live 1976) (Steven Wilson Mix);Gentle Giant;Progressive Rock;940;15.67
River (Steven Wilson Mix);Gentle Giant;Progressive Rock;354;5.9
Think of Me with Kindness (Steven Wilson Mix);Gentle Giant;Progressive Rock;215;3.58
Dog's Life (Steven Wilson Mix);Gentle Giant;Progressive Rock;193;3.22
The Boys in the Band (Steven Wilson Mix);Gentle Giant;Progressive Rock;275;4.58
Knots (Steven Wilson Mix);Gentle Giant;Progressive Rock;251;4.18
A Cry for Everyone (Steven Wilson Mix);Gentle Giant;Progressive Rock;246;4.1
Raconteur Troubadour (Steven Wilson Mix);Gentle Giant;Progressive Rock;243;4.05
The Advent of Panurge (Steven Wilson Mix);Gentle Giant;Progressive Rock;283;4.72
Aspirations (Instrumental Outtake);Gentle Giant;Progressive Rock;315;5.25
Aspirations;Gentle Giant;Progressive Rock;320;5.33
So Sincere;Gentle Giant;Progressive Rock;231;3.85
Proclamation;Gentle Giant;Progressive Rock;416;6.93
No God's a Man;Gentle Giant;Progressive Rock;267;4.45
Cogs in Cogs;Gentle Giant;Progressive Rock;189;3.15
Playing the Game;Gentle Giant;Progressive Rock;405;6.75
Memories of Old Days (2012 Remaster);Gentle Giant;Progressive Rock;442;7.37
The Power and the Glory;Gentle Giant;Progressive Rock;178;2.97
Valedictory;Gentle Giant;Progressive Rock;203;3.38
The Face;Gentle Giant;Progressive Rock;252;4.2
Mr. Usher (On His Way to Town);The Dear Hunter;Symphonic Rock;300;5.0
Melpomene;The Dear Hunter;Symphonic Rock;255;4.25
The Revival;The Dear Hunter;Symphonic Rock;301;5.02
The Most Cursed of Hands / Who Am I;The Dear Hunter;Symphonic Rock;403;6.72
Cascade;The Dear Hunter;Symphonic Rock;312;5.2
The Moon / Awake;The Dear Hunter;Symphonic Rock;370;6.17
Regress;The Dear Hunter;Symphonic Rock;83;1.38
Ouroboros;The Dear Hunter;Symphonic Rock;324;5.4
Wait;The Dear Hunter;Symphonic Rock;200;3.33
The Line;The Dear Hunter;Symphonic Rock;217;3.62
If All Goes Well;The Dear Hunter;Symphonic Rock;281;4.68
King of Swords (Reversed);The Dear Hunter;Symphonic Rock;307;5.12
Rebirth;The Dear Hunter;Symphonic Rock;171;2.85
A Beginning;The Dear Hunter;Symphonic Rock;380;6.33
Gloria;The Dear Hunter;Symphonic Rock;318;5.3
The Bitter Suite Vi: Abandon;The Dear Hunter;Symphonic Rock;332;5.53
The Bitter Suite IV and V: The Congregation and the Sermon in the Silt;The Dear Hunter;Symphonic Rock;340;5.67
The Squeaky Wheel;The Dear Hunter;Symphonic Rock;275;4.58
Is There Anybody Here?;The Dear Hunter;Symphonic Rock;402;6.7
A Night on the Town;The Dear Hunter;Symphonic Rock;540;9.0
Remembered;The Dear Hunter;Symphonic Rock;230;3.83
At the End of the Earth;The Dear Hunter;Symphonic Rock;316;5.27
Waves;The Dear Hunter;Symphonic Rock;252;4.2
The Old Haunt;The Dear Hunter;Symphonic Rock;275;4.58
The Pimp and the Priest;The Dear Hunter;Symphonic Rock;360;6.0
1878;The Dear Hunter;Symphonic Rock;422;7.03
The Inquiry of Ms. Terri;The Dear Hunter;Symphonic Rock;356;5.93
The Inquiry Of Ms. Terri;The Dear Hunter;Symphonic Rock;356;5.93
City Escape;The Dear Hunter;Symphonic Rock;356;5.93
The Lake South;The Dear Hunter;Symphonic Rock;103;1.72
Battesimo Del Fuoco;The Dear Hunter;Symphonic Rock;116;1.93
Life and Death;The Dear Hunter;Symphonic Rock;345;5.75
Life And Death;The Dear Hunter;Symphonic Rock;345;5.75
Father;The Dear Hunter;Symphonic Rock;205;3.42
Son;The Dear Hunter;Symphonic Rock;136;2.27
Go Get Your Gun;The Dear Hunter;Symphonic Rock;195;3.25
This Beautiful Life;The Dear Hunter;Symphonic Rock;245;4.08
He Said He Had a Story;The Dear Hunter;Symphonic Rock;219;3.65
He Said He Had A Story;The Dear Hunter;Symphonic Rock;219;3.65
Saved;The Dear Hunter;Symphonic Rock;281;4.68
Mustard Gas;The Dear Hunter;Symphonic Rock;253;4.22
The Thief;The Dear Hunter;Symphonic Rock;301;5.02
The Poison Woman;The Dear Hunter;Symphonic Rock;291;4.85
The Tank;The Dear Hunter;Symphonic Rock;279;4.65
What It Means to Be Alone;The Dear Hunter;Symphonic Rock;289;4.82
What It Means To Be Alone;The Dear Hunter;Symphonic Rock;289;4.82
In Cauda Venenum;The Dear Hunter;Symphonic Rock;329;5.48
Writing on a Wall;The Dear Hunter;Symphonic Rock;98;1.63
Writing On A Wall;The Dear Hunter;Symphonic Rock;98;1.63
Vital Vessals Vindicate;The Dear Hunter;Symphonic Rock;429;7.15
Black Sandy Beaches;The Dear Hunter;Symphonic Rock;253;4.22
Dear Ms. Leading;The Dear Hunter;Symphonic Rock;468;7.8
Where the Road Parts;The Dear Hunter;Symphonic Rock;469;7.82
Blood of the Rose;The Dear Hunter;Symphonic Rock;228;3.8
Blood Of The Rose;The Dear Hunter;Symphonic Rock;228;3.8
Evicted;The Dear Hunter;Symphonic Rock;224;3.73
Smiling Swine;The Dear Hunter;Symphonic Rock;285;4.75
The Bitter Suite III: Embrace;The Dear Hunter;Symphonic Rock;466;7.77
The Bitter Suite 3: Embrace;The Dear Hunter;Symphonic Rock;466;7.77
The Bitter Suite I and II: Meeting Ms. Leading and Through the Dime;The Dear Hunter;Symphonic Rock;366;6.1
The Bitter Suite 1 and 2: Meeting Ms. Leading and Through the Dime;The Dear Hunter;Symphonic Rock;366;6.1
The Church and the Dime;The Dear Hunter;Symphonic Rock;297;4.95
The Church and The Dime;The Dear Hunter;Symphonic Rock;297;4.95
The Oracles on the Delphi Express;The Dear Hunter;Symphonic Rock;258;4.3
The Lake and the River;The Dear Hunter;Symphonic Rock;569;9.48
The Procession;The Dear Hunter;Symphonic Rock;299;4.98
The Death and the Berth;The Dear Hunter;Symphonic Rock;38;0.63
The River North;The Dear Hunter;Symphonic Rock;423;7.05
His Hands Matched His Tongue;The Dear Hunter;Symphonic Rock;360;6.0
The Flame (Is Gone);The Dear Hunter;Symphonic Rock;341;5.68
The Haves Have Naught;The Dear Hunter;Symphonic Rock;253;4.22
The Fire (Remains);The Dear Hunter;Symphonic Rock;327;5.45
Blood;The Dear Hunter;Symphonic Rock;274;4.57
The March;The Dear Hunter;Symphonic Rock;253;4.22
Light;The Dear Hunter;Symphonic Rock;243;4.05
Red Hands;The Dear Hunter;Symphonic Rock;367;6.12
That Brahmatron Song;Closure In Moscow;Progressive Rock;570;9.5
Seeds of Gold;Closure In Moscow;Progressive Rock;221;3.68
Neoprene Byzantine;Closure In Moscow;Progressive Rock;234;3.9
Pink Lemonade;Closure In Moscow;Progressive Rock;494;8.23
The Fool;Closure In Moscow;Progressive Rock;93;1.55
Happy Days;Closure In Moscow;Progressive Rock;338;5.63
Beckon Fire;Closure In Moscow;Progressive Rock;242;4.03
Mauerbauertraurigkeit;Closure In Moscow;Progressive Rock;445;7.42
Dinosaur Boss Battle;Closure In Moscow;Progressive Rock;380;6.33
The Church of The Technochrist;Closure In Moscow;Progressive Rock;406;6.77
Collapse The Light Into Earth [Remastered];Porcupine Tree;Progressive Rock;353;5.88
Gravity Eyelids [Remastered];Porcupine Tree;Progressive Rock;477;7.95
The Creator Has A Mastertape [Remastered];Porcupine Tree;Progressive Metal;321;5.35
.3 [Remastered];Porcupine Tree;Progressive Metal;327;5.45
Prodigal [Remastered];Porcupine Tree;Progressive Metal;337;5.62
Wedding Nails [Remastered];Porcupine Tree;Progressive Metal;394;6.57
The Sound Of Muzak [Remastered];Porcupine Tree;Progressive Metal;300;5.0
Lips Of Ashes [Remastered];Porcupine Tree;Progressive Metal;283;4.72
Trains [Remastered];Porcupine Tree;Progressive Metal;361;6.02
Blackest Eyes [Remastered];Porcupine Tree;Progressive Metal;265;4.42
Dark Matter;Porcupine Tree;Progressive Rock;532;8.87
"Light Mass Prayers";Porcupine Tree;Progressive Rock;269;4.48
Intermediate Jesus;Porcupine Tree;Progressive Rock;452;7.53
Every Home Is Wired;Porcupine Tree;Progressive Rock;309;5.15
Idiot Prayer;Porcupine Tree;Progressive Rock;457;7.62
Sever;Porcupine Tree;Progressive Rock;332;5.53
Waiting Phase Two;Porcupine Tree;Progressive Rock;376;6.27
Waiting Phase One;Porcupine Tree;Progressive Rock;265;4.42
Pagan;Porcupine Tree;Progressive Rock;94;1.57
The Sleep of No Dreaming;Porcupine Tree;Progressive Rock;327;5.45
Signify;Porcupine Tree;Progressive Rock;206;3.43
Bornlivedie;Porcupine Tree;Progressive Rock;106;1.77
Quiet Mind;GoGo Penguin;Jazz;263;4.38
Weird Cat;GoGo Penguin;Jazz;339;5.65
Branches Break;GoGo Penguin;Jazz;262;4.37
Unspeakable World;GoGo Penguin;Jazz;283;4.72
All Res;GoGo Penguin;Jazz;315;5.25
Reactor;GoGo Penguin;Jazz;377;6.28
Protest;GoGo Penguin;Jazz;284;4.73
Surrender To Mountain;GoGo Penguin;Jazz;238;3.97
GBFISYSIH;GoGo Penguin;Jazz;201;3.35
Initiate;GoGo Penguin;Jazz;287;4.78
Smarra;GoGo Penguin;Jazz;391;6.52
Hopopono;GoGo Penguin;Jazz;237;3.95
Garden Dog Barbecue;GoGo Penguin;Jazz;225;3.75
Kamaloka;GoGo Penguin;Jazz;321;5.35
Murmuration;GoGo Penguin;Jazz;253;4.22
Cytherean;Sungazer;ElectroJazz;271;4.52
Thicc;Sungazer;ElectroJazz;229;3.82
A Song With No Words;Sungazer;ElectroJazz;228;3.8
Perihelion;Sungazer;ElectroJazz;257;4.28
Days into Nights (feat. JAE SOTO);Sungazer;ElectroJazz;222;3.7
Lunar;Sungazer;ElectroJazz;266;4.43
The Dark (feat. Hannah Sumner);Sungazer;ElectroJazz;219;3.65
All These People;Sungazer;ElectroJazz;233;3.88
Macchina;Sungazer;ElectroJazz;224;3.73
Threshold;Sungazer;ElectroJazz;256;4.27
Requiem;Lucid Planet;Progressive Metal;407;6.78
This Side of the Yawning Grave;Lucid Planet;Progressive Metal;134;2.23
Olm 053;Lucid Planet;Progressive Metal;414;6.9
Grey Feet;Lucid Planet;Progressive Metal;269;4.48
Apparatus;Lucid Planet;Progressive Metal;380;6.33
Listen;Lucid Planet;Progressive Metal;490;8.17
Beneath Me;Lucid Planet;Progressive Metal;530;8.83
Kairos;Lucid Planet;Progressive Metal;391;6.52
Dragonfly;Caligula's Horse;Progressive Metal;564;9.4
Firelight;Caligula's Horse;Progressive Metal;279;4.65
Marigold;Caligula's Horse;Progressive Metal;380;6.33
Bloom;Caligula's Horse;Progressive Metal;195;3.25
Lippincott;Animals As Leaders;Progressive Metal;262;4.37
Kascade;Animals As Leaders;Progressive Metal;323;5.38
Cognitive Contortions;Animals As Leaders;Progressive Metal;270;4.5
Ectogenesis;Animals As Leaders;Progressive Metal;296;4.93
Arithmophobia;Animals As Leaders;Progressive Metal;362;6.03
Holst: The Planets, Op. 32 - 1. Mars, the Bringer of War;Los Angeles Philharmonic;Classical Music;430;7.17
The Rite of Spring: Part Two: The Sacrifice: Sacrificial Dance (The Chosen One);Teodor Currentzis;Classical Music;276;4.6
The Rite of Spring: Part Two: The Sacrifice: Ritual Action of the Ancestors;Teodor Currentzis;Classical Music;239;3.98
The Rite of Spring: Part Two: The Sacrifice: Evocation of the Ancestors;Teodor Currentzis;Classical Music;37;0.62
The Rite of Spring: Part Two: The Sacrifice: Glorification of the Chosen One;Teodor Currentzis;Classical Music;96;1.6
The Rite of Spring: Part Two: The Sacrifice: Mystical Circles of the Young Girls;Teodor Currentzis;Classical Music;222;3.7
The Rite of Spring: Part Two: The Sacrifice: Introduction;Teodor Currentzis;Classical Music;277;4.62
The Rite of Spring: Part One: Adoration of the Earth: Dance of the Earth;Teodor Currentzis;Classical Music;66;1.1
The Rite of Spring: Part One: Adoration of the Earth: The Sage;Teodor Currentzis;Classical Music;25;0.42
The Rite of Spring: Part One: Adoration of the Earth: Procession of the Sage;Teodor Currentzis;Classical Music;40;0.67
The Rite of Spring: Part One: Adoration of the Earth: Games of the Rival Tribes;Teodor Currentzis;Classical Music;112;1.87
The Rite of Spring: Part One: Adoration of the Earth: Spring Rounds;Teodor Currentzis;Classical Music;245;4.08
The Rite of Spring: Part One: Adoration of the Earth: Game of Abduction;Teodor Currentzis;Classical Music;69;1.15
The Rite of Spring: Part One: Adoration of the Earth: The Augurs of Spring - Dance of the Young...;Teodor Currentzis;Classical Music;180;3.0
The Rite of Spring: Part One: Adoration of the Earth: Introduction;Teodor Currentzis;Classical Music;209;3.48
The Rite of Spring: III. Ritual of Abduction;American Symphony Orchestra;Classical Music;89;1.48
The Rite of Spring: II. The Augers of Spring - Dances of the Young Girls;American Symphony Orchestra;Classical Music;212;3.53
The Rite of Spring: I. Part I, Introduction;American Symphony Orchestra;Classical Music;226;3.77
The Rite of Spring: Part I: Spring Rounds;Pierre Monteux;Classical Music;188;3.13
The Rite of Spring: Part I: Game of Abduction;Pierre Monteux;Classical Music;80;1.33
The Rite of Spring: Part I: Dances of the Young Girls;Pierre Monteux;Classical Music;197;3.28
The Rite of Spring: Part I: Introduction;Pierre Monteux;Classical Music;184;3.07
The Raven That Refused to Sing;Steven Wilson;Progressive Rock;477;7.95
The Watchmaker;Steven Wilson;Progressive Rock;701;11.68
The Pin Drop;Steven Wilson;Progressive Rock;303;5.05
The Holy Drinker;Steven Wilson;Progressive Rock;613;10.22
Drive Home;Steven Wilson;Progressive Rock;457;7.62
Luminol;Steven Wilson;Progressive Rock;730;12.17
Drag Ropes;Storm Corrosion;Progressive Metal;592;9.87
Things It Would Have Been Helpful to Know Before the Revolution;Father John Misty;Indie Folk;258;4.3
And Here We Test Our Powers Of Observation;The Bad Plus;Jazz;261;4.35
Approximately 906 Miles;Harrison Fjord;Psychedelic Rock;464;7.73
The Talking Drum;King Crimson;Progressive Rock;445;7.42
Easy Money;King Crimson;Progressive Rock;475;7.92
Exiles;King Crimson;Progressive Rock;462;7.7
Book Of Saturday;King Crimson;Progressive Rock;176;2.93
Larks' Tongues In Aspic (Part I);King Crimson;Progressive Rock;816;13.6
Islands;King Crimson;Progressive Rock;717;11.95
Prelude - Song Of The Gulls;King Crimson;Classical Music;256;4.27
Ladies of the Road;King Crimson;Progressive Rock;335;5.58
The Law Of Maximum Distress (including "The Mincer");King Crimson;Progressive Rock;770;12.83
Fracture;King Crimson;Progressive Rock;674;11.23
Remember;Roine Stolt;Progressive Blues;417;6.95
The Unwanted;Roine Stolt;Progressive Blues;537;8.95
Outcast;Roine Stolt;Progressive Blues;470;7.83
Sex Kills;Roine Stolt;Progressive Blues;445;7.42
Dog With a Million Bones;Roine Stolt;Progressive Blues;497;8.28
Spirit of the Reble;Roine Stolt;Progressive Blues;370;6.17
Everyone Wants to Rule the World;Roine Stolt;Progressive Blues;247;4.12
Dirt;Roine Stolt;Progressive Blues;494;8.23
Head Above Water;Roine Stolt;Progressive Blues;327;5.45
The Observer;Roine Stolt;Progressive Blues;670;11.17
Knights of Cydonia;Muse;Space Rock;368;6.13
Hoodoo;Muse;Space Rock;224;3.73
City of Delusion;Muse;Space Rock;289;4.82
Exo-Politics;Muse;Space Rock;234;3.9
Assassin;Muse;Space Rock;212;3.53
Invincible;Muse;Space Rock;301;5.02
Soldier's Poem;Muse;Space Rock;125;2.08
Map of the Problematique;Muse;Space Rock;259;4.32
Supermassive Black Hole;Muse;Space Rock;213;3.55
Starlight;Muse;Space Rock;244;4.07
Take a Bow;Muse;Space Rock;276;4.6
Supremacy;Muse;Space Rock;296;4.93
United States of Eurasia (+Collateral Damage);Muse;Space Rock;348;5.8
Undisclosed Desires;Muse;Space Rock;235;3.92
Resistance;Muse;Space Rock;347;5.78
Uprising;Muse;Space Rock;305;5.08
Hysteria;Muse;Space Rock;228;3.8
Animals;Muse;Space Rock;263;4.38
La Mer, L. 111a: I. De l'aube à midi sur la mer;Emmanuel Krivine;Classical Music;526;8.77
Debussy: Suite bergamasque, L. 75 - III. Clair de lune;Lang Lang;Classical Music;408;6.8
Wasteland;Riverside;Progressive Metal;506;8.43
River Down Below;Riverside;Progressive Metal;341;5.68
The Struggle for Survival;Riverside;Progressive Metal;572;9.53
Lament;Riverside;Progressive Metal;369;6.15
Guardian Angel;Riverside;Progressive Metal;264;4.4
Vale of Tears;Riverside;Progressive Metal;289;4.82
Acid Rain;Riverside;Progressive Metal;363;6.05
The Day After;Riverside;Progressive Metal;109;1.82
The Night Before;Riverside;Progressive Metal;239;3.98
Opiate²;TOOL;Progressive Metal;595;9.92
Rosetta Stoned;TOOL;Progressive Metal;672;11.2
Intension;TOOL;Progressive Metal;442;7.37
Triad;TOOL;Progressive Metal;396;6.6
Reflection;TOOL;Progressive Metal;668;11.13
Disposition;TOOL;Progressive Metal;287;4.78
Lateralus;TOOL;Progressive Metal;563;9.38
Ticks & Leeches;TOOL;Progressive Metal;488;8.13
Parabola;TOOL;Progressive Metal;364;6.07
Parabol;TOOL;Progressive Metal;185;3.08
Schism;TOOL;Progressive Metal;404;6.73
Mantra;TOOL;Progressive Metal;73;1.22
The Patient;TOOL;Progressive Metal;434;7.23
Eon Blue Apocalypse;TOOL;Progressive Metal;65;1.08
The Grudge;TOOL;Progressive Metal;516;8.6
7empest;TOOL;Progressive Metal;944;15.73
Chocolate Chip Trip;TOOL;Progressive Metal;289;4.82
Culling Voices;TOOL;Progressive Metal;606;10.1
Descending;TOOL;Progressive Metal;818;13.63
Legion Inoculant;TOOL;Progressive Metal;190;3.17
Invincible;TOOL;Progressive Metal;765;12.75
Pneuma;TOOL;Progressive Metal;714;11.9
Fear Inoculum;TOOL;Progressive Metal;621;10.35
Tool - You Lied [HD];iBongbarian;Progressive Metal;558;9.3
Tool - No Quarter (FULL HD);lovigab;Progressive Metal;688;11.47
Hourglass;A Perfect Circle;Alternative Rock;315;5.25
DLB;A Perfect Circle;Alternative Rock;127;2.12
Delicious;A Perfect Circle;Alternative Rock;230;3.83
By And Down The River;A Perfect Circle;Alternative Rock;305;5.08
TalkTalk;A Perfect Circle;Alternative Rock;256;4.27
So Long, And Thanks For All The Fish;A Perfect Circle;Alternative Rock;267;4.45
The Doomed;A Perfect Circle;Alternative Rock;282;4.7
The Contrarian;A Perfect Circle;Alternative Rock;239;3.98
Disillusioned;A Perfect Circle;Alternative Rock;354;5.9
Eat The Elephant;A Perfect Circle;Alternative Rock;314;5.23
Gravity;A Perfect Circle;Alternative Rock;309;5.15
The Outsider;A Perfect Circle;Alternative Rock;246;4.1
Vanishing;A Perfect Circle;Alternative Rock;292;4.87
Renholdër;A Perfect Circle;Alternative Rock;145;2.42
Outsider (Apocalypse Remix);A Perfect Circle;Alternative Rock;329;5.48
Wind Below;Rage Against the Machine;Rap Metal;351;5.85
Year of tha Boomerang;Rage Against the Machine;Rap Metal;240;4.0
Roll Right;Rage Against the Machine;Rap Metal;261;4.35
Without a Face;Rage Against the Machine;Rap Metal;217;3.62
Down Rodeo;Rage Against the Machine;Rap Metal;321;5.35
Snakecharmer;Rage Against the Machine;Rap Metal;236;3.93
Revolver;Rage Against the Machine;Rap Metal;358;5.97
Vietnow;Rage Against the Machine;Rap Metal;278;4.63
Bulls On Parade;Rage Against the Machine;Rap Metal;230;3.83
People of the Sun;Rage Against the Machine;Rap Metal;151;2.52
Microphone Fiend;Rage Against the Machine;Rap Metal;302;5.03
Money Shot;Puscifer;Art Rock;153;2.55
Simultaneous;Puscifer;Art Rock;403;6.72
Grand Canyon;Puscifer;Art Rock;358;5.97
Agostina;Puscifer;Art Rock;265;4.42
Galileo;Puscifer;Art Rock;318;5.3
The Humbling River;Puscifer;Art Rock;306;5.1
Screen Shot;Swans;Art Rock;484;8.07
Just A Little Boy (For Chester Burnett);Swans;Art Rock;759;12.65
A Little God In My Hands;Swans;Art Rock;428;7.13
Bring The Sun/Toussaint L'Ouverture;Swans;Art Rock;2045;34.08
Some Things We Do;Swans;Art Rock;309;5.15
Goodbye Sober Day;Mr. Bungle;Art Rock;269;4.48
Vanity Fair;Mr. Bungle;Art Rock;178;2.97
The Holy Filament;Mr. Bungle;Art Rock;244;4.07
Golem II: The Bionic Vapour Boy;Mr. Bungle;Art Rock;214;3.57
Pink Cigarette;Mr. Bungle;Art Rock;295;4.92
Ars Moriendi;Mr. Bungle;Art Rock;250;4.17
The Air-Conditioned Nightmare;Mr. Bungle;Art Rock;234;3.9
Retrovertigo;Mr. Bungle;Art Rock;298;4.97
None of Them Knew They Were Robots;Mr. Bungle;Art Rock;363;6.05
Sweet Charity;Mr. Bungle;Art Rock;305;5.08
The Chant;Gojira;Progressive Metal;313;5.22
Fortitude;Gojira;Progressive Metal;128;2.13
New Found;Gojira;Progressive Metal;397;6.62
Hold On;Gojira;Progressive Metal;331;5.52
Another World;Gojira;Progressive Metal;265;4.42
Amazonia;Gojira;Progressive Metal;301;5.02
Born For One Thing;Gojira;Progressive Metal;261;4.35
Pain Is a Master;Gojira;Progressive Metal;307;5.12
Chasing Birds;Foo Fighters;Rock;253;4.22
Skin And Bones (Live at the Pantages Theatre, Los Angeles, CA - August 2006);Foo Fighters;Rock;319;5.32
Iron Rooster;Foo Fighters;Rock;252;4.2
Sunday Rain;Foo Fighters;Rock;372;6.2
Us And Them;Pink Floyd;Progressive Rock;469;7.82
Fearless;Pink Floyd;Progressive Rock;368;6.13
Breathe (In The Air);Pink Floyd;Progressive Rock;169;2.82
Lazy (Remastered 2012);Deep Purple;Progressive Rock;443;7.38
Maybe I'm A Leo (Remastered 2012);Deep Purple;Progressive Rock;291;4.85
Do I Wanna Know?;Arctic Monkeys;Rock;272;4.53
R U Mine?;Arctic Monkeys;Rock;201;3.35
Arabella;Arctic Monkeys;Rock;207;3.45
